Date,Nino34_Daily
2000-01-01,-1.8788361549377441
2000-01-02,-1.9535099267959595
2000-01-03,-1.9667612314224243
2000-01-04,-1.930476188659668
2000-01-05,-1.8736110925674438
2000-01-06,-1.797741174697876
2000-01-07,-1.7823487520217896
2000-01-08,-1.743922472000122
2000-01-09,-1.7578812837600708
2000-01-10,-1.779687523841858
2000-01-11,-1.8416374921798706
2000-01-12,-1.9413710832595825
2000-01-13,-1.974778652191162
2000-01-14,-1.9548449516296387
2000-01-15,-1.8789774179458618
2000-01-16,-1.9364585876464844
2000-01-17,-1.7942523956298828
2000-01-18,-1.7029999494552612
2000-01-19,-1.7248549461364746
2000-01-20,-1.7489186525344849
2000-01-21,-1.7449923753738403
2000-01-22,-1.772837519645691
2000-01-23,-1.9040486812591553
2000-01-24,-1.9491374492645264
2000-01-25,-1.8347275257110596
2000-01-26,-1.834571123123169
2000-01-27,-1.8998886346817017
2000-01-28,-1.9575262069702148
2000-01-29,-1.9296386241912842
2000-01-30,-1.8510161638259888
2000-01-31,-1.8451149463653564
2000-02-01,-1.7961885929107666
2000-02-02,-1.7443950176239014
2000-02-03,-1.621231198310852
2000-02-04,-1.5921887159347534
2000-02-05,-1.6184974908828735
2000-02-06,-1.6044237613677979
2000-02-07,-1.5319936275482178
2000-02-08,-1.4623137712478638
2000-02-09,-1.4101511240005493
2000-02-10,-1.4296574592590332
2000-02-11,-1.4095137119293213
2000-02-12,-1.4123111963272095
2000-02-13,-1.4534912109375
2000-02-14,-1.4358450174331665
2000-02-15,-1.4182475805282593
2000-02-16,-1.4764935970306396
2000-02-17,-1.534559965133667
2000-02-18,-1.6227037906646729
2000-02-19,-1.748458743095398
2000-02-20,-1.7850587368011475
2000-02-21,-1.7772786617279053
2000-02-22,-1.7514888048171997
2000-02-23,-1.7891086339950562
2000-02-24,-1.7610512971878052
2000-02-25,-1.7987099885940552
2000-02-26,-1.8040813207626343
2000-02-27,-1.7806462049484253
2000-02-28,-1.7765686511993408
2000-02-29,-1.7240374088287354
2000-03-01,-1.606929898262024
2000-03-02,-1.5583025217056274
2000-03-03,-1.505062460899353
2000-03-04,-1.3682849407196045
2000-03-05,-1.2936962842941284
2000-03-06,-1.261511206626892
2000-03-07,-1.2978986501693726
2000-03-08,-1.2836899757385254
2000-03-09,-1.2473523616790771
2000-03-10,-1.220020055770874
2000-03-11,-1.2121937274932861
2000-03-12,-1.1848773956298828
2000-03-13,-1.1896649599075317
2000-03-14,-1.1779298782348633
2000-03-15,-1.2016849517822266
2000-03-16,-1.2784274816513062
2000-03-17,-1.2825748920440674
2000-03-18,-1.1619924306869507
2000-03-19,-1.0128662586212158
2000-03-20,-0.9406774640083313
2000-03-21,-0.9026275277137756
2000-03-22,-0.877377450466156
2000-03-23,-0.8949924111366272
2000-03-24,-0.9038025140762329
2000-03-25,-0.9571100473403931
2000-03-26,-1.0024586915969849
2000-03-27,-1.0077400207519531
2000-03-28,-0.9242037534713745
2000-03-29,-0.8437800407409668
2000-03-30,-0.7934924960136414
2000-03-31,-0.7347649931907654
2000-04-01,-0.6408212184906006
2000-04-02,-0.6198862195014954
2000-04-03,-0.6776500344276428
2000-04-04,-0.7464737296104431
2000-04-05,-0.738837480545044
2000-04-06,-0.6443374156951904
2000-04-07,-0.5810874700546265
2000-04-08,-0.6133524775505066
2000-04-09,-0.6778325438499451
2000-04-10,-0.6900761723518372
2000-04-11,-0.6548524498939514
2000-04-12,-0.7073874473571777
2000-04-13,-0.7544999718666077
2000-04-14,-0.7856724858283997
2000-04-15,-0.8864561915397644
2000-04-16,-0.8278137445449829
2000-04-17,-0.8049774765968323
2000-04-18,-0.8714550137519836
2000-04-19,-0.9006574749946594
2000-04-20,-0.8349549770355225
2000-04-21,-0.8236749768257141
2000-04-22,-0.8683187365531921
2000-04-23,-0.8528074622154236
2000-04-24,-0.7839362025260925
2000-04-25,-0.6800562739372253
2000-04-26,-0.6653249859809875
2000-04-27,-0.7832249999046326
2000-04-28,-0.8386687636375427
2000-04-29,-0.905037522315979
2000-04-30,-1.0541062355041504
2000-05-01,-1.1457512378692627
2000-05-02,-1.1402262449264526
2000-05-03,-1.0520825386047363
2000-05-04,-0.9704549312591553
2000-05-05,-0.9541912078857422
2000-05-06,-0.9321737289428711
2000-05-07,-0.8747749924659729
2000-05-08,-0.8557511568069458
2000-05-09,-0.8421549797058105
2000-05-10,-0.8611587285995483
2000-05-11,-0.9435449838638306
2000-05-12,-0.9626424312591553
2000-05-13,-0.9279574751853943
2000-05-14,-0.8464650511741638
2000-05-15,-0.7529724836349487
2000-05-16,-0.7640062570571899
2000-05-17,-0.7911375164985657
2000-05-18,-0.8898412585258484
2000-05-19,-0.9644786715507507
2000-05-20,-0.9439200162887573
2000-05-21,-0.8723624348640442
2000-05-22,-0.7721449136734009
2000-05-23,-0.7544749975204468
2000-05-24,-0.6940674781799316
2000-05-25,-0.7113025188446045
2000-05-26,-0.72673499584198
2000-05-27,-0.7592412233352661
2000-05-28,-0.751884937286377
2000-05-29,-0.7419475317001343
2000-05-30,-0.7411425113677979
2000-05-31,-0.7694112658500671
2000-06-01,-0.8308137059211731
2000-06-02,-0.8606674671173096
2000-06-03,-0.8924074769020081
2000-06-04,-0.9040511846542358
2000-06-05,-0.7655162215232849
2000-06-06,-0.6811699867248535
2000-06-07,-0.6523899435997009
2000-06-08,-0.6326212286949158
2000-06-09,-0.5418812036514282
2000-06-10,-0.4809674620628357
2000-06-11,-0.46305498480796814
2000-06-12,-0.39394500851631165
2000-06-13,-0.35239624977111816
2000-06-14,-0.3219924867153168
2000-06-15,-0.24046623706817627
2000-06-16,-0.1307387351989746
2000-06-17,-0.09036625921726227
2000-06-18,-0.17637625336647034
2000-06-19,-0.22757376730442047
2000-06-20,-0.29016876220703125
2000-06-21,-0.3651912212371826
2000-06-22,-0.4473850131034851
2000-06-23,-0.47352373600006104
2000-06-24,-0.49243873357772827
2000-06-25,-0.5679449439048767
2000-06-26,-0.6185575127601624
2000-06-27,-0.6881299614906311
2000-06-28,-0.6063562035560608
2000-06-29,-0.5786124467849731
2000-06-30,-0.670539915561676
2000-07-01,-0.6372511982917786
2000-07-02,-0.5374425053596497
2000-07-03,-0.5887962579727173
2000-07-04,-0.5498099327087402
2000-07-05,-0.5091687440872192
2000-07-06,-0.536676287651062
2000-07-07,-0.541911244392395
2000-07-08,-0.6022074818611145
2000-07-09,-0.6893050074577332
2000-07-10,-0.7088062167167664
2000-07-11,-0.6170687079429626
2000-07-12,-0.5628075003623962
2000-07-13,-0.5322349667549133
2000-07-14,-0.4168299436569214
2000-07-15,-0.2780187427997589
2000-07-16,-0.3497450053691864
2000-07-17,-0.43672874569892883
2000-07-18,-0.5297462344169617
2000-07-19,-0.6278074979782104
2000-07-20,-0.6633862257003784
2000-07-21,-0.7448586821556091
2000-07-22,-0.7327412366867065
2000-07-23,-0.7463637590408325
2000-07-24,-0.8249249458312988
2000-07-25,-0.736493706703186
2000-07-26,-0.6215437054634094
2000-07-27,-0.5011749863624573
2000-07-28,-0.49946871399879456
2000-07-29,-0.515046238899231
2000-07-30,-0.5142412185668945
2000-07-31,-0.473696231842041
2000-08-01,-0.36284124851226807
2000-08-02,-0.31851375102996826
2000-08-03,-0.2458999902009964
2000-08-04,-0.1845475137233734
2000-08-05,-0.22188124060630798
2000-08-06,-0.3372862637042999
2000-08-07,-0.34152498841285706
2000-08-08,-0.38150250911712646
2000-08-09,-0.3481212556362152
2000-08-10,-0.3521699905395508
2000-08-11,-0.337731271982193
2000-08-12,-0.3823237419128418
2000-08-13,-0.38992127776145935
2000-08-14,-0.29688122868537903
2000-08-15,-0.3047787547111511
2000-08-16,-0.3357912600040436
2000-08-17,-0.3881087601184845
2000-08-18,-0.4604487419128418
2000-08-19,-0.5210849642753601
2000-08-20,-0.551251232624054
2000-08-21,-0.5171337127685547
2000-08-22,-0.4943137466907501
2000-08-23,-0.5901650190353394
2000-08-24,-0.6226237416267395
2000-08-25,-0.5384050011634827
2000-08-26,-0.4548724889755249
2000-08-27,-0.41096624732017517
2000-08-28,-0.461172491312027
2000-08-29,-0.49122747778892517
2000-08-30,-0.4231812655925751
2000-08-31,-0.3707149922847748
2000-09-01,-0.3091450035572052
2000-09-02,-0.33153873682022095
2000-09-03,-0.32589247822761536
2000-09-04,-0.3515987694263458
2000-09-05,-0.36985376477241516
2000-09-06,-0.4761124551296234
2000-09-07,-0.525966227054596
2000-09-08,-0.5496474504470825
2000-09-09,-0.6275075078010559
2000-09-10,-0.6598036885261536
2000-09-11,-0.6676749587059021
2000-09-12,-0.8308475017547607
2000-09-13,-0.7918649911880493
2000-09-14,-0.6111162304878235
2000-09-15,-0.52930748462677
2000-09-16,-0.5489987730979919
2000-09-17,-0.5519449710845947
2000-09-18,-0.5451812744140625
2000-09-19,-0.479747474193573
2000-09-20,-0.4572699964046478
2000-09-21,-0.4587225019931793
2000-09-22,-0.40081000328063965
2000-09-23,-0.4419587254524231
2000-09-24,-0.43822747468948364
2000-09-25,-0.3731112480163574
2000-09-26,-0.32806622982025146
2000-09-27,-0.3446562588214874
2000-09-28,-0.33748748898506165
2000-09-29,-0.3120087683200836
2000-09-30,-0.333008736371994
2000-10-01,-0.37480872869491577
2000-10-02,-0.37822625041007996
2000-10-03,-0.43466997146606445
2000-10-04,-0.4991324841976166
2000-10-05,-0.6360199451446533
2000-10-06,-0.7240437269210815
2000-10-07,-0.6823574900627136
2000-10-08,-0.582135021686554
2000-10-09,-0.5596650242805481
2000-10-10,-0.4614712595939636
2000-10-11,-0.43443000316619873
2000-10-12,-0.48175251483917236
2000-10-13,-0.5776162147521973
2000-10-14,-0.6259375214576721
2000-10-15,-0.725409984588623
2000-10-16,-0.7289199233055115
2000-10-17,-0.6090437769889832
2000-10-18,-0.4677487313747406
2000-10-19,-0.42321497201919556
2000-10-20,-0.4813162684440613
2000-10-21,-0.5996712446212769
2000-10-22,-0.7484387159347534
2000-10-23,-0.8912087678909302
2000-10-24,-0.932756245136261
2000-10-25,-0.8806887269020081
2000-10-26,-0.7742462158203125
2000-10-27,-0.7337599992752075
2000-10-28,-0.6702587604522705
2000-10-29,-0.5933862328529358
2000-10-30,-0.577097475528717
2000-10-31,-0.7348700165748596
2000-11-01,-0.8382599353790283
2000-11-02,-0.9312987327575684
2000-11-03,-1.0415475368499756
2000-11-04,-1.0351524353027344
2000-11-05,-0.9165887236595154
2000-11-06,-0.8854086995124817
2000-11-07,-0.8488274812698364
2000-11-08,-0.76163250207901
2000-11-09,-0.6131237149238586
2000-11-10,-0.5501775145530701
2000-11-11,-0.6270387768745422
2000-11-12,-0.6024362444877625
2000-11-13,-0.5869124531745911
2000-11-14,-0.67392498254776
2000-11-15,-0.6510737538337708
2000-11-16,-0.6005787253379822
2000-11-17,-0.6023600101470947
2000-11-18,-0.6022812724113464
2000-11-19,-0.5883587598800659
2000-11-20,-0.609297513961792
2000-11-21,-0.5320075154304504
2000-11-22,-0.568002462387085
2000-11-23,-0.5700024366378784
2000-11-24,-0.5880812406539917
2000-11-25,-0.6705787181854248
2000-11-26,-0.7366287112236023
2000-11-27,-0.7701011896133423
2000-11-28,-0.6996824741363525
2000-11-29,-0.6760050058364868
2000-11-30,-0.6847087144851685
2000-12-01,-0.7313199639320374
2000-12-02,-0.7611374258995056
2000-12-03,-0.8844737410545349
2000-12-04,-0.9215262532234192
2000-12-05,-0.9671537280082703
2000-12-06,-1.0322349071502686
2000-12-07,-1.07957124710083
2000-12-08,-1.0293512344360352
2000-12-09,-1.0581138134002686
2000-12-10,-1.0949149131774902
2000-12-11,-0.9711886644363403
2000-12-12,-0.873740017414093
2000-12-13,-0.8507862687110901
2000-12-14,-0.8104449510574341
2000-12-15,-0.8657525181770325
2000-12-16,-0.9290587306022644
2000-12-17,-0.9547574520111084
2000-12-18,-1.0207425355911255
2000-12-19,-1.0192800760269165
2000-12-20,-1.092400074005127
2000-12-21,-1.0575624704360962
2000-12-22,-1.0635586977005005
2000-12-23,-1.0480574369430542
2000-12-24,-0.9039687514305115
2000-12-25,-0.812030017375946
2000-12-26,-0.8669787645339966
2000-12-27,-1.0731662511825562
2000-12-28,-1.2000463008880615
2000-12-29,-1.2563824653625488
2000-12-30,-1.2664824724197388
2000-12-31,-1.3618574142456055
2001-01-01,-1.2848438024520874
2001-01-02,-1.0522836446762085
2001-01-03,-0.9678912162780762
2001-01-04,-1.0264350175857544
2001-01-05,-1.0241949558258057
2001-01-06,-1.0217736959457397
2001-01-07,-0.9806474447250366
2001-01-08,-1.0161075592041016
2001-01-09,-1.0299749374389648
2001-01-10,-1.0640088319778442
2001-01-11,-1.07672119140625
2001-01-12,-0.970472514629364
2001-01-13,-0.909060001373291
2001-01-14,-0.8253461718559265
2001-01-15,-0.7429737448692322
2001-01-16,-0.6494249701499939
2001-01-17,-0.5832124352455139
2001-01-18,-0.6421412229537964
2001-01-19,-0.6821925044059753
2001-01-20,-0.6747000217437744
2001-01-21,-0.6304624676704407
2001-01-22,-0.641858696937561
2001-01-23,-0.7516462206840515
2001-01-24,-0.8148624300956726
2001-01-25,-0.7832037210464478
2001-01-26,-0.7198086977005005
2001-01-27,-0.7036837339401245
2001-01-28,-0.641647458076477
2001-01-29,-0.5575112104415894
2001-01-30,-0.5451112389564514
2001-01-31,-0.649986207485199
2001-02-01,-0.6923262476921082
2001-02-02,-0.6716011762619019
2001-02-03,-0.6698812246322632
2001-02-04,-0.6599187254905701
2001-02-05,-0.6436237096786499
2001-02-06,-0.6703999638557434
2001-02-07,-0.7282436490058899
2001-02-08,-0.8141124844551086
2001-02-09,-0.9462924599647522
2001-02-10,-0.9162175059318542
2001-02-11,-0.8915949463844299
2001-02-12,-0.8518337607383728
2001-02-13,-0.7093161940574646
2001-02-14,-0.6707487106323242
2001-02-15,-0.5664249658584595
2001-02-16,-0.5229924917221069
2001-02-17,-0.5145624876022339
2001-02-18,-0.6198524832725525
2001-02-19,-0.614282488822937
2001-02-20,-0.5094475150108337
2001-02-21,-0.5281574726104736
2001-02-22,-0.5132624506950378
2001-02-23,-0.5146099925041199
2001-02-24,-0.6303200125694275
2001-02-25,-0.47578996419906616
2001-02-26,-0.3773862421512604
2001-02-27,-0.3610774874687195
2001-02-28,-0.4167962372303009
2001-03-01,-0.4999224841594696
2001-03-02,-0.5009899735450745
2001-03-03,-0.3936624825000763
2001-03-04,-0.24522624909877777
2001-03-05,-0.25750622153282166
2001-03-06,-0.27222001552581787
2001-03-07,-0.26981621980667114
2001-03-08,-0.34790876507759094
2001-03-09,-0.40973377227783203
2001-03-10,-0.4686500132083893
2001-03-11,-0.46625375747680664
2001-03-12,-0.4756937325000763
2001-03-13,-0.40240374207496643
2001-03-14,-0.27866747975349426
2001-03-15,-0.2810499966144562
2001-03-16,-0.34582751989364624
2001-03-17,-0.3419499695301056
2001-03-18,-0.31169626116752625
2001-03-19,-0.31314998865127563
2001-03-20,-0.3022787570953369
2001-03-21,-0.3293350040912628
2001-03-22,-0.3556174635887146
2001-03-23,-0.3200087249279022
2001-03-24,-0.328359991312027
2001-03-25,-0.4053737223148346
2001-03-26,-0.41816869378089905
2001-03-27,-0.33658748865127563
2001-03-28,-0.3336887061595917
2001-03-29,-0.37538373470306396
2001-03-30,-0.4069350063800812
2001-03-31,-0.47566497325897217
2001-04-01,-0.561308741569519
2001-04-02,-0.520359992980957
2001-04-03,-0.4980350136756897
2001-04-04,-0.3267287611961365
2001-04-05,-0.2880937457084656
2001-04-06,-0.25625625252723694
2001-04-07,-0.324554979801178
2001-04-08,-0.38552623987197876
2001-04-09,-0.4509899914264679
2001-04-10,-0.543461263179779
2001-04-11,-0.4823475182056427
2001-04-12,-0.38458752632141113
2001-04-13,-0.4284836947917938
2001-04-14,-0.4612312316894531
2001-04-15,-0.3381999731063843
2001-04-16,-0.31300872564315796
2001-04-17,-0.32341498136520386
2001-04-18,-0.23338624835014343
2001-04-19,-0.2738412618637085
2001-04-20,-0.3820749819278717
2001-04-21,-0.4420674741268158
2001-04-22,-0.5298075079917908
2001-04-23,-0.5754562616348267
2001-04-24,-0.5559512376785278
2001-04-25,-0.4976399838924408
2001-04-26,-0.5226824879646301
2001-04-27,-0.5440499782562256
2001-04-28,-0.45514750480651855
2001-04-29,-0.5170949697494507
2001-04-30,-0.5639112591743469
2001-05-01,-0.6045775413513184
2001-05-02,-0.6189711689949036
2001-05-03,-0.6200062036514282
2001-05-04,-0.4908500015735626
2001-05-05,-0.44872626662254333
2001-05-06,-0.39397376775741577
2001-05-07,-0.47675246000289917
2001-05-08,-0.47091376781463623
2001-05-09,-0.39167872071266174
2001-05-10,-0.315732479095459
2001-05-11,-0.3184662461280823
2001-05-12,-0.2648487687110901
2001-05-13,-0.22729124128818512
2001-05-14,-0.196811243891716
2001-05-15,-0.2718699872493744
2001-05-16,-0.3539299964904785
2001-05-17,-0.4389824867248535
2001-05-18,-0.35422876477241516
2001-05-19,-0.30344250798225403
2001-05-20,-0.31547749042510986
2001-05-21,-0.27288126945495605
2001-05-22,-0.18702499568462372
2001-05-23,-0.2426862269639969
2001-05-24,-0.33106374740600586
2001-05-25,-0.43801745772361755
2001-05-26,-0.41488373279571533
2001-05-27,-0.300641268491745
2001-05-28,-0.19515623152256012
2001-05-29,-0.1548687368631363
2001-05-30,-0.1488874852657318
2001-05-31,-0.15456874668598175
2001-06-01,-0.17864000797271729
2001-06-02,-0.2450762540102005
2001-06-03,-0.30687248706817627
2001-06-04,-0.2245912402868271
2001-06-05,-0.13850875198841095
2001-06-06,-0.1292875111103058
2001-06-07,-0.09423500299453735
2001-06-08,-0.011057495139539242
2001-06-09,0.0930199921131134
2001-06-10,0.13258498907089233
2001-06-11,0.055047500878572464
2001-06-12,0.030762504786252975
2001-06-13,0.031077496707439423
2001-06-14,0.01291624829173088
2001-06-15,-0.029336249455809593
2001-06-16,-0.009716247208416462
2001-06-17,0.054594993591308594
2001-06-18,0.04993375018239021
2001-06-19,0.05463874712586403
2001-06-20,0.08240998536348343
2001-06-21,0.2032662332057953
2001-06-22,0.16992874443531036
2001-06-23,0.10443499684333801
2001-06-24,0.1306762397289276
2001-06-25,0.17755500972270966
2001-06-26,0.14745000004768372
2001-06-27,0.28907251358032227
2001-06-28,0.2968599796295166
2001-06-29,0.1983174830675125
2001-06-30,0.09161374717950821
2001-07-01,-0.014709998853504658
2001-07-02,-0.05449249967932701
2001-07-03,-0.020743751898407936
2001-07-04,0.0007187576266005635
2001-07-05,-0.059962499886751175
2001-07-06,-0.04005499184131622
2001-07-07,0.03294124826788902
2001-07-08,0.07850624620914459
2001-07-09,-0.021256249397993088
2001-07-10,-0.12908874452114105
2001-07-11,-0.11750248819589615
2001-07-12,-0.11893124878406525
2001-07-13,-0.13020125031471252
2001-07-14,-0.019238745793700218
2001-07-15,0.09040623158216476
2001-07-16,0.1863424926996231
2001-07-17,0.19226373732089996
2001-07-18,0.2622937262058258
2001-07-19,0.30457374453544617
2001-07-20,0.22169747948646545
2001-07-21,0.13247625529766083
2001-07-22,0.0812624990940094
2001-07-23,0.10707999020814896
2001-07-24,0.18284250795841217
2001-07-25,0.216217502951622
2001-07-26,0.18571126461029053
2001-07-27,0.10440625250339508
2001-07-28,0.0731087476015091
2001-07-29,0.015987498685717583
2001-07-30,0.03714749589562416
2001-07-31,0.13951875269412994
2001-08-01,0.2216625064611435
2001-08-02,0.2177562415599823
2001-08-03,0.20084623992443085
2001-08-04,0.2445324808359146
2001-08-05,0.22583502531051636
2001-08-06,0.2430649995803833
2001-08-07,0.2536524832248688
2001-08-08,0.277554988861084
2001-08-09,0.2465287446975708
2001-08-10,0.15920375287532806
2001-08-11,0.23241624236106873
2001-08-12,0.2351437360048294
2001-08-13,0.139638751745224
2001-08-14,0.0765024945139885
2001-08-15,-0.00028500365442596376
2001-08-16,-0.10426250100135803
2001-08-17,-0.25089749693870544
2001-08-18,-0.3171124756336212
2001-08-19,-0.2604700028896332
2001-08-20,-0.10374874621629715
2001-08-21,0.0733799859881401
2001-08-22,0.14608874917030334
2001-08-23,0.1297987550497055
2001-08-24,0.014750002883374691
2001-08-25,-0.11290749907493591
2001-08-26,-0.274501234292984
2001-08-27,-0.3506762683391571
2001-08-28,-0.3096487522125244
2001-08-29,-0.3492587208747864
2001-08-30,-0.4728125035762787
2001-08-31,-0.4019012451171875
2001-09-01,-0.26103997230529785
2001-09-02,-0.2466074824333191
2001-09-03,-0.2042974829673767
2001-09-04,-0.23593999445438385
2001-09-05,-0.16846001148223877
2001-09-06,-0.176791250705719
2001-09-07,-0.19244250655174255
2001-09-08,-0.12978625297546387
2001-09-09,-0.10231750458478928
2001-09-10,-0.058153748512268066
2001-09-11,-0.1066799983382225
2001-09-12,-0.22968874871730804
2001-09-13,-0.2898150086402893
2001-09-14,-0.18084624409675598
2001-09-15,-0.14544250071048737
2001-09-16,-0.1566237509250641
2001-09-17,-0.11272874474525452
2001-09-18,-0.14585375785827637
2001-09-19,-0.2170962542295456
2001-09-20,-0.2431424856185913
2001-09-21,-0.28898748755455017
2001-09-22,-0.19585123658180237
2001-09-23,-0.18393249809741974
2001-09-24,-0.17248748242855072
2001-09-25,-0.06299999356269836
2001-09-26,0.046548739075660706
2001-09-27,0.10921498388051987
2001-09-28,0.07602750509977341
2001-09-29,-0.019121253862977028
2001-09-30,-0.12612375617027283
2001-10-01,-0.2876487374305725
2001-10-02,-0.3096137046813965
2001-10-03,-0.28683745861053467
2001-10-04,-0.1836337447166443
2001-10-05,-0.1938362419605255
2001-10-06,-0.152033731341362
2001-10-07,-0.19877249002456665
2001-10-08,-0.2398187220096588
2001-10-09,-0.1758437603712082
2001-10-10,-0.16430999338626862
2001-10-11,-0.1847124993801117
2001-10-12,-0.24999123811721802
2001-10-13,-0.18771374225616455
2001-10-14,-0.1385912448167801
2001-10-15,-0.20481498539447784
2001-10-16,-0.34029248356819153
2001-10-17,-0.3414525091648102
2001-10-18,-0.27028000354766846
2001-10-19,-0.08923248201608658
2001-10-20,-0.05146374925971031
2001-10-21,-0.03222000226378441
2001-10-22,-0.16598375141620636
2001-10-23,-0.1389624923467636
2001-10-24,-0.18541501462459564
2001-10-25,-0.16764749586582184
2001-10-26,-0.15256500244140625
2001-10-27,-0.13523250818252563
2001-10-28,0.06479375809431076
2001-10-29,0.17844249308109283
2001-10-30,0.08132874965667725
2001-10-31,0.10209875553846359
2001-11-01,0.17934374511241913
2001-11-02,0.04519124701619148
2001-11-03,-0.10478624701499939
2001-11-04,-0.18935126066207886
2001-11-05,-0.030182497575879097
2001-11-06,0.07384875416755676
2001-11-07,0.11335624754428864
2001-11-08,0.07279999554157257
2001-11-09,-0.01807125099003315
2001-11-10,-0.08295499533414841
2001-11-11,-0.22340625524520874
2001-11-12,-0.28334125876426697
2001-11-13,-0.29815375804901123
2001-11-14,-0.3406912088394165
2001-11-15,-0.3384474813938141
2001-11-16,-0.27979373931884766
2001-11-17,-0.2846187353134155
2001-11-18,-0.3311924934387207
2001-11-19,-0.47822874784469604
2001-11-20,-0.49108749628067017
2001-11-21,-0.4288574755191803
2001-11-22,-0.4339112341403961
2001-11-23,-0.5415474772453308
2001-11-24,-0.5359112620353699
2001-11-25,-0.590707540512085
2001-11-26,-0.47247371077537537
2001-11-27,-0.372478723526001
2001-11-28,-0.44026872515678406
2001-11-29,-0.4476737678050995
2001-11-30,-0.42236748337745667
2001-12-01,-0.3012949824333191
2001-12-02,-0.3892262578010559
2001-12-03,-0.41767874360084534
2001-12-04,-0.5302812457084656
2001-12-05,-0.48763373494148254
2001-12-06,-0.4245537519454956
2001-12-07,-0.3615024983882904
2001-12-08,-0.41828998923301697
2001-12-09,-0.46041375398635864
2001-12-10,-0.4585874676704407
2001-12-11,-0.4940349757671356
2001-12-12,-0.5627249479293823
2001-12-13,-0.6209637522697449
2001-12-14,-0.6098937392234802
2001-12-15,-0.6412824988365173
2001-12-16,-0.5866174697875977
2001-12-17,-0.5423087477684021
2001-12-18,-0.5121262073516846
2001-12-19,-0.36152249574661255
2001-12-20,-0.25580498576164246
2001-12-21,-0.2729737460613251
2001-12-22,-0.3284687399864197
2001-12-23,-0.3497674763202667
2001-12-24,-0.3058837354183197
2001-12-25,-0.31633126735687256
2001-12-26,-0.4407487213611603
2001-12-27,-0.6347162127494812
2001-12-28,-0.5962037444114685
2001-12-29,-0.49777746200561523
2001-12-30,-0.4542575180530548
2001-12-31,-0.37316498160362244
2002-01-01,-0.25715625286102295
2002-01-02,-0.2514612376689911
2002-01-03,-0.1935724914073944
2002-01-04,-0.19492250680923462
2002-01-05,-0.3042212426662445
2002-01-06,-0.3720812499523163
2002-01-07,-0.37656500935554504
2002-01-08,-0.2993674874305725
2002-01-09,-0.22633498907089233
2002-01-10,-0.22730498015880585
2002-01-11,-0.3071012496948242
2002-01-12,-0.29402002692222595
2002-01-13,-0.24928997457027435
2002-01-14,-0.22241251170635223
2002-01-15,-0.20795874297618866
2002-01-16,-0.24747249484062195
2002-01-17,-0.17460750043392181
2002-01-18,-0.12960873544216156
2002-01-19,-0.014999999664723873
2002-01-20,-0.026647498831152916
2002-01-21,-0.10009125620126724
2002-01-22,-0.22583749890327454
2002-01-23,-0.3841474950313568
2002-01-24,-0.4801999628543854
2002-01-25,-0.4385262131690979
2002-01-26,-0.34502625465393066
2002-01-27,-0.1934725046157837
2002-01-28,-0.138613760471344
2002-01-29,-0.10943623632192612
2002-01-30,-0.07607124000787735
2002-01-31,-0.08670374751091003
2002-02-01,-0.16538874804973602
2002-02-02,0.05546500161290169
2002-02-03,0.13426627218723297
2002-02-04,0.07945000380277634
2002-02-05,0.03310500457882881
2002-02-06,0.10888749361038208
2002-02-07,0.2148824781179428
2002-02-08,0.17673751711845398
2002-02-09,0.23072375357151031
2002-02-10,0.21717874705791473
2002-02-11,0.24288249015808105
2002-02-12,0.16931498050689697
2002-02-13,0.1501237452030182
2002-02-14,0.09887000173330307
2002-02-15,-0.06133875250816345
2002-02-16,-0.216902494430542
2002-02-17,-0.3874424695968628
2002-02-18,-0.36732497811317444
2002-02-19,-0.27742499113082886
2002-02-20,-0.22699248790740967
2002-02-21,-0.23561997711658478
2002-02-22,-0.32600000500679016
2002-02-23,-0.352721244096756
2002-02-24,-0.16231374442577362
2002-02-25,0.12521874904632568
2002-02-26,0.25211000442504883
2002-02-27,0.21770374476909637
2002-02-28,0.16069622337818146
2002-03-01,0.1655299961566925
2002-03-02,0.11451249569654465
2002-03-03,0.157150000333786
2002-03-04,0.16596749424934387
2002-03-05,0.10119625180959702
2002-03-06,0.02350750006735325
2002-03-07,0.08081375062465668
2002-03-08,0.11108123511075974
2002-03-09,0.18324124813079834
2002-03-10,0.13745875656604767
2002-03-11,-0.06572625041007996
2002-03-12,-0.24497997760772705
2002-03-13,-0.29317373037338257
2002-03-14,-0.26196375489234924
2002-03-15,-0.20029498636722565
2002-03-16,-0.07671249657869339
2002-03-17,0.002526256488636136
2002-03-18,0.10578249394893646
2002-03-19,0.11831625550985336
2002-03-20,0.0912187471985817
2002-03-21,0.02351374737918377
2002-03-22,-0.09336374700069427
2002-03-23,-0.17712625861167908
2002-03-24,-0.20075124502182007
2002-03-25,-0.1906387358903885
2002-03-26,-0.1443675011396408
2002-03-27,-0.11897625029087067
2002-03-28,-0.09904500097036362
2002-03-29,-0.235361248254776
2002-03-30,-0.29270994663238525
2002-03-31,-0.019987495616078377
2002-04-01,0.14551249146461487
2002-04-02,0.20332376658916473
2002-04-03,0.20395998656749725
2002-04-04,0.23605123162269592
2002-04-05,0.23891250789165497
2002-04-06,0.21744748950004578
2002-04-07,0.2113574892282486
2002-04-08,0.34315747022628784
2002-04-09,0.3651387393474579
2002-04-10,0.3089512288570404
2002-04-11,0.33172619342803955
2002-04-12,0.3294987380504608
2002-04-13,0.2697412371635437
2002-04-14,0.2864912152290344
2002-04-15,0.20708250999450684
2002-04-16,0.14937500655651093
2002-04-17,-0.0029449996072798967
2002-04-18,-0.12449249625205994
2002-04-19,-0.10149875283241272
2002-04-20,-0.08771999180316925
2002-04-21,0.11465749889612198
2002-04-22,0.26928749680519104
2002-04-23,0.32296374440193176
2002-04-24,0.2100212424993515
2002-04-25,0.08788000047206879
2002-04-26,0.03483875095844269
2002-04-27,0.08746625483036041
2002-04-28,0.17769873142242432
2002-04-29,0.20090748369693756
2002-04-30,0.1973475068807602
2002-05-01,0.27819621562957764
2002-05-02,0.3138037323951721
2002-05-03,0.36239123344421387
2002-05-04,0.2576787769794464
2002-05-05,0.11448124796152115
2002-05-06,0.11475499719381332
2002-05-07,0.1368575096130371
2002-05-08,0.13878750801086426
2002-05-09,0.08085999637842178
2002-05-10,0.16026374697685242
2002-05-11,0.1656924933195114
2002-05-12,0.1428612321615219
2002-05-13,0.08710124343633652
2002-05-14,0.06289125233888626
2002-05-15,0.0009187479154206812
2002-05-16,0.09919249266386032
2002-05-17,0.29229122400283813
2002-05-18,0.4308762848377228
2002-05-19,0.4771136939525604
2002-05-20,0.4142487049102783
2002-05-21,0.4532437324523926
2002-05-22,0.5255486965179443
2002-05-23,0.5958162546157837
2002-05-24,0.5263025164604187
2002-05-25,0.48512622714042664
2002-05-26,0.50179123878479
2002-05-27,0.5533912181854248
2002-05-28,0.6452887654304504
2002-05-29,0.6014000177383423
2002-05-30,0.5649749636650085
2002-05-31,0.6954112648963928
2002-06-01,0.9027137160301208
2002-06-02,0.9763361811637878
2002-06-03,1.0136175155639648
2002-06-04,1.040619969367981
2002-06-05,0.9699600338935852
2002-06-06,0.9211736917495728
2002-06-07,0.9619974493980408
2002-06-08,1.0715925693511963
2002-06-09,1.105718731880188
2002-06-10,1.1193925142288208
2002-06-11,1.0571438074111938
2002-06-12,0.9275937080383301
2002-06-13,0.8400324583053589
2002-06-14,0.7837762236595154
2002-06-15,0.7329462170600891
2002-06-16,0.7224512696266174
2002-06-17,0.7008974552154541
2002-06-18,0.6684174537658691
2002-06-19,0.6967949867248535
2002-06-20,0.7226362228393555
2002-06-21,0.7032299637794495
2002-06-22,0.7084099650382996
2002-06-23,0.7275087237358093
2002-06-24,0.8794012665748596
2002-06-25,0.8281736969947815
2002-06-26,0.688768744468689
2002-06-27,0.6360536813735962
2002-06-28,0.5691350102424622
2002-06-29,0.43006622791290283
2002-06-30,0.46631622314453125
2002-07-01,0.4294699728488922
2002-07-02,0.5330187082290649
2002-07-03,0.6442774534225464
2002-07-04,0.7166799902915955
2002-07-05,0.73243248462677
2002-07-06,0.7485787272453308
2002-07-07,0.7320250272750854
2002-07-08,0.675494909286499
2002-07-09,0.6545699238777161
2002-07-10,0.6752625703811646
2002-07-11,0.6739287376403809
2002-07-12,0.6692450046539307
2002-07-13,0.7560400366783142
2002-07-14,0.8354062438011169
2002-07-15,0.8403337597846985
2002-07-16,0.8738424777984619
2002-07-17,0.8735849857330322
2002-07-18,0.9234512448310852
2002-07-19,0.9093624949455261
2002-07-20,0.8826887011528015
2002-07-21,0.7903800010681152
2002-07-22,0.716288685798645
2002-07-23,0.748333752155304
2002-07-24,0.7794562578201294
2002-07-25,0.7670924663543701
2002-07-26,0.7853549718856812
2002-07-27,0.8800274729728699
2002-07-28,0.8682237267494202
2002-07-29,0.815607488155365
2002-07-30,0.7887787222862244
2002-07-31,0.8979387283325195
2002-08-01,0.9965537190437317
2002-08-02,0.9761162400245667
2002-08-03,0.8613162040710449
2002-08-04,0.7872674465179443
2002-08-05,0.8027399778366089
2002-08-06,0.8431287407875061
2002-08-07,0.8457462191581726
2002-08-08,0.8347874283790588
2002-08-09,0.8950675129890442
2002-08-10,0.8191787004470825
2002-08-11,0.7494750022888184
2002-08-12,0.6911574602127075
2002-08-13,0.6415137052536011
2002-08-14,0.6210424900054932
2002-08-15,0.7224924564361572
2002-08-16,0.771377444267273
2002-08-17,0.759660005569458
2002-08-18,0.6683624982833862
2002-08-19,0.6173624992370605
2002-08-20,0.733576238155365
2002-08-21,0.8483361601829529
2002-08-22,0.8331736922264099
2002-08-23,0.7005199790000916
2002-08-24,0.7132099866867065
2002-08-25,0.6409012675285339
2002-08-26,0.677291214466095
2002-08-27,0.7467800378799438
2002-08-28,0.8764174580574036
2002-08-29,0.8771749138832092
2002-08-30,0.8963624835014343
2002-08-31,0.9292324781417847
2002-09-01,0.8774437308311462
2002-09-02,0.7448287606239319
2002-09-03,0.5816512703895569
2002-09-04,0.49474748969078064
2002-09-05,0.5177850127220154
2002-09-06,0.6068199276924133
2002-09-07,0.6195099949836731
2002-09-08,0.7066087126731873
2002-09-09,0.8140587210655212
2002-09-10,0.8335763216018677
2002-09-11,0.8706624507904053
2002-09-12,0.8946737051010132
2002-09-13,0.8414462208747864
2002-09-14,0.8919399976730347
2002-09-15,0.9925136566162109
2002-09-16,1.0156574249267578
2002-09-17,1.003811240196228
2002-09-18,1.0456925630569458
2002-09-19,1.0566312074661255
2002-09-20,1.1247223615646362
2002-09-21,1.1520849466323853
2002-09-22,1.1882011890411377
2002-09-23,1.2152462005615234
2002-09-24,1.1566851139068604
2002-09-25,1.0541362762451172
2002-09-26,1.0927037000656128
2002-09-27,1.1334363222122192
2002-09-28,1.073971152305603
2002-09-29,1.0706087350845337
2002-09-30,1.2713501453399658
2002-10-01,1.3717749118804932
2002-10-02,1.3781675100326538
2002-10-03,1.2940986156463623
2002-10-04,1.199834942817688
2002-10-05,1.0712324380874634
2002-10-06,1.0229988098144531
2002-10-07,0.856124997138977
2002-10-08,0.6832762360572815
2002-10-09,0.767454981803894
2002-10-10,1.006176233291626
2002-10-11,1.206298828125
2002-10-12,1.2236813306808472
2002-10-13,1.133117437362671
2002-10-14,1.0066275596618652
2002-10-15,0.9744837880134583
2002-10-16,0.9494499564170837
2002-10-17,0.8927862644195557
2002-10-18,0.888038694858551
2002-10-19,0.9741750359535217
2002-10-20,1.1483999490737915
2002-10-21,1.13775634765625
2002-10-22,1.0910176038742065
2002-10-23,1.1868674755096436
2002-10-24,1.2586599588394165
2002-10-25,1.323297381401062
2002-10-26,1.4308050870895386
2002-10-27,1.529886245727539
2002-10-28,1.5021049976348877
2002-10-29,1.5045998096466064
2002-10-30,1.5645099878311157
2002-10-31,1.6334336996078491
2002-11-01,1.6552636623382568
2002-11-02,1.5812712907791138
2002-11-03,1.5012187957763672
2002-11-04,1.3786449432373047
2002-11-05,1.224582552909851
2002-11-06,1.1300075054168701
2002-11-07,1.303556203842163
2002-11-08,1.4615000486373901
2002-11-09,1.5637160539627075
2002-11-10,1.6833362579345703
2002-11-11,1.6705149412155151
2002-11-12,1.558401107788086
2002-11-13,1.4029499292373657
2002-11-14,1.3655998706817627
2002-11-15,1.4047311544418335
2002-11-16,1.427343726158142
2002-11-17,1.4752461910247803
2002-11-18,1.490882396697998
2002-11-19,1.452141284942627
2002-11-20,1.3894611597061157
2002-11-21,1.4723650217056274
2002-11-22,1.482221245765686
2002-11-23,1.536792516708374
2002-11-24,1.5437275171279907
2002-11-25,1.5447124242782593
2002-11-26,1.575165033340454
2002-11-27,1.6889311075210571
2002-11-28,1.614048719406128
2002-11-29,1.5219687223434448
2002-11-30,1.484948754310608
2002-12-01,1.4607161283493042
2002-12-02,1.4478486776351929
2002-12-03,1.4387273788452148
2002-12-04,1.4485962390899658
2002-12-05,1.5160512924194336
2002-12-06,1.4339674711227417
2002-12-07,1.4800761938095093
2002-12-08,1.5286674499511719
2002-12-09,1.521533727645874
2002-12-10,1.5019599199295044
2002-12-11,1.464514970779419
2002-12-12,1.3489161729812622
2002-12-13,1.3736361265182495
2002-12-14,1.5259811878204346
2002-12-15,1.439101219177246
2002-12-16,1.353005051612854
2002-12-17,1.5158499479293823
2002-12-18,1.49995756149292
2002-12-19,1.4395499229431152
2002-12-20,1.4465575218200684
2002-12-21,1.4055999517440796
2002-12-22,1.4580861330032349
2002-12-23,1.42757248878479
2002-12-24,1.3499962091445923
2002-12-25,1.3552500009536743
2002-12-26,1.3768224716186523
2002-12-27,1.351348638534546
2002-12-28,1.37001371383667
2002-12-29,1.3380436897277832
2002-12-30,1.268239974975586
2002-12-31,1.2585586309432983
2003-01-01,1.266913652420044
2003-01-02,1.2568237781524658
2003-01-03,1.2109062671661377
2003-01-04,1.122649908065796
2003-01-05,1.1443699598312378
2003-01-06,1.2374862432479858
2003-01-07,1.2696975469589233
2003-01-08,1.2149111032485962
2003-01-09,1.1358925104141235
2003-01-10,0.9990462064743042
2003-01-11,0.868051290512085
2003-01-12,0.8366212248802185
2003-01-13,0.8682275414466858
2003-01-14,0.9274299144744873
2003-01-15,0.9077799320220947
2003-01-16,0.9301174879074097
2003-01-17,0.8875612020492554
2003-01-18,0.827335000038147
2003-01-19,0.8130674958229065
2003-01-20,0.8061836957931519
2003-01-21,0.7217375040054321
2003-01-22,0.7217474579811096
2003-01-23,0.6466274261474609
2003-01-24,0.4847612679004669
2003-01-25,0.5916399955749512
2003-01-26,0.5696974992752075
2003-01-27,0.4490000009536743
2003-01-28,0.38955870270729065
2003-01-29,0.3984762132167816
2003-01-30,0.48715123534202576
2003-01-31,0.49812620878219604
2003-02-01,0.459316223859787
2003-02-02,0.36958998441696167
2003-02-03,0.3252662420272827
2003-02-04,0.16797499358654022
2003-02-05,0.09903499484062195
2003-02-06,0.09733249992132187
2003-02-07,0.280552476644516
2003-02-08,0.30304375290870667
2003-02-09,0.36151623725891113
2003-02-10,0.4617999792098999
2003-02-11,0.5509974956512451
2003-02-12,0.6030274629592896
2003-02-13,0.6622087359428406
2003-02-14,0.699275016784668
2003-02-15,0.7674099802970886
2003-02-16,0.8504211902618408
2003-02-17,0.8475749492645264
2003-02-18,0.9318299293518066
2003-02-19,0.9269036650657654
2003-02-20,0.8520462512969971
2003-02-21,0.7711487412452698
2003-02-22,0.7832837700843811
2003-02-23,0.7891712784767151
2003-02-24,0.7440574765205383
2003-02-25,0.7448262572288513
2003-02-26,0.8131874799728394
2003-02-27,0.7802500128746033
2003-02-28,0.8147287368774414
2003-03-01,0.8912524580955505
2003-03-02,0.895791232585907
2003-03-03,0.9131137132644653
2003-03-04,0.7769887447357178
2003-03-05,0.6614211797714233
2003-03-06,0.5496562719345093
2003-03-07,0.41950249671936035
2003-03-08,0.3844512403011322
2003-03-09,0.36250001192092896
2003-03-10,0.34956496953964233
2003-03-11,0.4071437418460846
2003-03-12,0.5497350096702576
2003-03-13,0.662079930305481
2003-03-14,0.7023424506187439
2003-03-15,0.7854387164115906
2003-03-16,0.7749800086021423
2003-03-17,0.7775612473487854
2003-03-18,0.6504062414169312
2003-03-19,0.5294687747955322
2003-03-20,0.42529749870300293
2003-03-21,0.41483253240585327
2003-03-22,0.51163250207901
2003-03-23,0.5874837636947632
2003-03-24,0.6147237420082092
2003-03-25,0.5263412594795227
2003-03-26,0.4562837481498718
2003-03-27,0.40643376111984253
2003-03-28,0.25537124276161194
2003-03-29,0.14839999377727509
2003-03-30,0.09834999591112137
2003-03-31,0.01962125487625599
2003-04-01,0.017813749611377716
2003-04-02,-0.016454996541142464
2003-04-03,-0.028857499361038208
2003-04-04,-0.024296250194311142
2003-04-05,-0.07639500498771667
2003-04-06,0.02424999326467514
2003-04-07,0.0985887423157692
2003-04-08,0.06903000175952911
2003-04-09,0.04882250353693962
2003-04-10,-0.032521240413188934
2003-04-11,-0.047864995896816254
2003-04-12,-0.04371875151991844
2003-04-13,0.13503624498844147
2003-04-14,0.21612125635147095
2003-04-15,0.1746087521314621
2003-04-16,0.10139624774456024
2003-04-17,0.0916062444448471
2003-04-18,0.012594993226230145
2003-04-19,-0.06839499622583389
2003-04-20,-0.0928187444806099
2003-04-21,-0.015696251764893532
2003-04-22,-0.03553125262260437
2003-04-23,-0.06262249499559402
2003-04-24,-0.0903874933719635
2003-04-25,-0.10733999311923981
2003-04-26,-0.14444874227046967
2003-04-27,-0.012688751332461834
2003-04-28,-0.031654998660087585
2003-04-29,-0.08756749331951141
2003-04-30,-0.17208749055862427
2003-05-01,-0.22303250432014465
2003-05-02,-0.2738274931907654
2003-05-03,-0.34529247879981995
2003-05-04,-0.46077749133110046
2003-05-05,-0.5371350049972534
2003-05-06,-0.4927924871444702
2003-05-07,-0.4440087378025055
2003-05-08,-0.4508437514305115
2003-05-09,-0.4138224720954895
2003-05-10,-0.4395100176334381
2003-05-11,-0.5109000205993652
2003-05-12,-0.6009124517440796
2003-05-13,-0.6168936491012573
2003-05-14,-0.6456262469291687
2003-05-15,-0.6514862179756165
2003-05-16,-0.681003749370575
2003-05-17,-0.6908749341964722
2003-05-18,-0.6578162312507629
2003-05-19,-0.6417099833488464
2003-05-20,-0.7191787958145142
2003-05-21,-0.6947836875915527
2003-05-22,-0.6507261991500854
2003-05-23,-0.5543362498283386
2003-05-24,-0.4753762483596802
2003-05-25,-0.41720500588417053
2003-05-26,-0.38292497396469116
2003-05-27,-0.42323124408721924
2003-05-28,-0.3956274688243866
2003-05-29,-0.4151112735271454
2003-05-30,-0.4316699802875519
2003-05-31,-0.3586075007915497
2003-06-01,-0.39368000626564026
2003-06-02,-0.49913376569747925
2003-06-03,-0.540755033493042
2003-06-04,-0.47155749797821045
2003-06-05,-0.4810749888420105
2003-06-06,-0.4835187792778015
2003-06-07,-0.4517662525177002
2003-06-08,-0.3588150143623352
2003-06-09,-0.3075612485408783
2003-06-10,-0.24278876185417175
2003-06-11,-0.20622625946998596
2003-06-12,-0.17023876309394836
2003-06-13,-0.2352212369441986
2003-06-14,-0.29162123799324036
2003-06-15,-0.27118250727653503
2003-06-16,-0.24201250076293945
2003-06-17,-0.16193124651908875
2003-06-18,-0.02565000206232071
2003-06-19,0.1707174926996231
2003-06-20,0.21508249640464783
2003-06-21,0.15653873980045319
2003-06-22,0.05361250042915344
2003-06-23,-0.03072250448167324
2003-06-24,-0.10016000270843506
2003-06-25,-0.12433374673128128
2003-06-26,0.007529998663812876
2003-06-27,0.060362495481967926
2003-06-28,0.10405125468969345
2003-06-29,0.09920499473810196
2003-06-30,0.13552498817443848
2003-07-01,0.17987750470638275
2003-07-02,0.1975249946117401
2003-07-03,0.22534500062465668
2003-07-04,0.25049498677253723
2003-07-05,0.25731751322746277
2003-07-06,0.2626437246799469
2003-07-07,0.2340787649154663
2003-07-08,0.20252123475074768
2003-07-09,0.18767623603343964
2003-07-10,0.1442524939775467
2003-07-11,0.044959984719753265
2003-07-12,-0.0023437461350113153
2003-07-13,-0.026422500610351562
2003-07-14,0.10979248583316803
2003-07-15,0.1548912525177002
2003-07-16,0.21651625633239746
2003-07-17,0.2306949943304062
2003-07-18,0.18141873180866241
2003-07-19,0.11409249156713486
2003-07-20,0.011076248250901699
2003-07-21,0.06440124660730362
2003-07-22,0.16012625396251678
2003-07-23,0.29745498299598694
2003-07-24,0.38306501507759094
2003-07-25,0.3458087146282196
2003-07-26,0.29417625069618225
2003-07-27,0.23966126143932343
2003-07-28,0.23016250133514404
2003-07-29,0.29956620931625366
2003-07-30,0.35440871119499207
2003-07-31,0.3105737268924713
2003-08-01,0.24774499237537384
2003-08-02,0.2679874897003174
2003-08-03,0.12839624285697937
2003-08-04,0.03916499763727188
2003-08-05,0.006784999743103981
2003-08-06,0.14288374781608582
2003-08-07,0.18052373826503754
2003-08-08,0.1886487454175949
2003-08-09,0.27163001894950867
2003-08-10,0.2475224882364273
2003-08-11,0.19750376045703888
2003-08-12,0.16049499809741974
2003-08-13,0.19838249683380127
2003-08-14,0.3202424943447113
2003-08-15,0.30359122157096863
2003-08-16,0.216777503490448
2003-08-17,0.0327487513422966
2003-08-18,0.034651245921850204
2003-08-19,0.08132999390363693
2003-08-20,0.03622625023126602
2003-08-21,-0.05161125212907791
2003-08-22,-0.10197624564170837
2003-08-23,-0.1536637395620346
2003-08-24,-0.2043912410736084
2003-08-25,-0.10023124516010284
2003-08-26,-0.017196251079440117
2003-08-27,0.04262874647974968
2003-08-28,0.08891749382019043
2003-08-29,0.16920748353004456
2003-08-30,0.2494025081396103
2003-08-31,0.32980623841285706
2003-09-01,0.36293622851371765
2003-09-02,0.3279387354850769
2003-09-03,0.2791374921798706
2003-09-04,0.2993200123310089
2003-09-05,0.2956262230873108
2003-09-06,0.3406199812889099
2003-09-07,0.3660787343978882
2003-09-08,0.33546996116638184
2003-09-09,0.24583499133586884
2003-09-10,0.23566249012947083
2003-09-11,0.2376374751329422
2003-09-12,0.18791250884532928
2003-09-13,-0.0288387518376112
2003-09-14,-0.06679873913526535
2003-09-15,0.01097374688833952
2003-09-16,0.006198745686560869
2003-09-17,-0.023026248440146446
2003-09-18,0.022132502868771553
2003-09-19,0.09797500818967819
2003-09-20,0.17604751884937286
2003-09-21,0.10047249495983124
2003-09-22,0.09906500577926636
2003-09-23,0.25520747900009155
2003-09-24,0.2877412438392639
2003-09-25,0.43879997730255127
2003-09-26,0.46767622232437134
2003-09-27,0.49063247442245483
2003-09-28,0.527922511100769
2003-09-29,0.49851998686790466
2003-09-30,0.5108975172042847
2003-10-01,0.48662498593330383
2003-10-02,0.5014887452125549
2003-10-03,0.6055625081062317
2003-10-04,0.7067362070083618
2003-10-05,0.8177424073219299
2003-10-06,0.9385624527931213
2003-10-07,0.9606775045394897
2003-10-08,0.8567175269126892
2003-10-09,0.7281962037086487
2003-10-10,0.5480887293815613
2003-10-11,0.45946499705314636
2003-10-12,0.401309996843338
2003-10-13,0.43120497465133667
2003-10-14,0.4370037317276001
2003-10-15,0.3632437586784363
2003-10-16,0.3400137424468994
2003-10-17,0.34187623858451843
2003-10-18,0.2886275053024292
2003-10-19,0.28133997321128845
2003-10-20,0.3228837549686432
2003-10-21,0.39404502511024475
2003-10-22,0.5153762102127075
2003-10-23,0.5154825448989868
2003-10-24,0.49520498514175415
2003-10-25,0.5160587430000305
2003-10-26,0.5554900169372559
2003-10-27,0.606452465057373
2003-10-28,0.5928562879562378
2003-10-29,0.5679687261581421
2003-10-30,0.5082037448883057
2003-10-31,0.4633537530899048
2003-11-01,0.41315749287605286
2003-11-02,0.32315123081207275
2003-11-03,0.3347712457180023
2003-11-04,0.4226074814796448
2003-11-05,0.4809599816799164
2003-11-06,0.5303587913513184
2003-11-07,0.5034849643707275
2003-11-08,0.4353275001049042
2003-11-09,0.40154749155044556
2003-11-10,0.3254224956035614
2003-11-11,0.258884996175766
2003-11-12,0.09386375546455383
2003-11-13,-0.026066245511174202
2003-11-14,0.17937873303890228
2003-11-15,0.25386375188827515
2003-11-16,0.33380499482154846
2003-11-17,0.43400871753692627
2003-11-18,0.4761062264442444
2003-11-19,0.499052494764328
2003-11-20,0.4163475036621094
2003-11-21,0.4635249674320221
2003-11-22,0.5403399467468262
2003-11-23,0.5992211699485779
2003-11-24,0.5960462093353271
2003-11-25,0.5273337364196777
2003-11-26,0.5282025337219238
2003-11-27,0.5728424787521362
2003-11-28,0.6171925067901611
2003-11-29,0.7530312538146973
2003-11-30,0.8310524821281433
2003-12-01,0.8061012029647827
2003-12-02,0.6458487510681152
2003-12-03,0.5440775156021118
2003-12-04,0.45021873712539673
2003-12-05,0.47248998284339905
2003-12-06,0.5026937127113342
2003-12-07,0.4894675016403198
2003-12-08,0.5451400279998779
2003-12-09,0.5402187705039978
2003-12-10,0.5724862217903137
2003-12-11,0.6214487552642822
2003-12-12,0.5524725317955017
2003-12-13,0.4576287269592285
2003-12-14,0.418203741312027
2003-12-15,0.4152037501335144
2003-12-16,0.43711620569229126
2003-12-17,0.3961450159549713
2003-12-18,0.41329875588417053
2003-12-19,0.4435499906539917
2003-12-20,0.4748624861240387
2003-12-21,0.43884000182151794
2003-12-22,0.34818872809410095
2003-12-23,0.291747510433197
2003-12-24,0.2786950170993805
2003-12-25,0.1501775085926056
2003-12-26,0.0227462500333786
2003-12-27,0.18497376143932343
2003-12-28,0.4085650146007538
2003-12-29,0.38381996750831604
2003-12-30,0.3721062242984772
2003-12-31,0.325181245803833
2004-01-01,0.3108212649822235
2004-01-02,0.16794750094413757
2004-01-03,-0.026193756610155106
2004-01-04,-0.13487999141216278
2004-01-05,-0.035772498697042465
2004-01-06,-0.08417373895645142
2004-01-07,-0.1340549886226654
2004-01-08,-0.10578499734401703
2004-01-09,-0.1775062531232834
2004-01-10,-0.26931124925613403
2004-01-11,-0.12559624016284943
2004-01-12,-0.0359562523663044
2004-01-13,0.192928746342659
2004-01-14,0.314603716135025
2004-01-15,0.39914000034332275
2004-01-16,0.4038287401199341
2004-01-17,0.23502624034881592
2004-01-18,0.1432487517595291
2004-01-19,0.167131245136261
2004-01-20,0.29800623655319214
2004-01-21,0.23955000936985016
2004-01-22,0.24370498955249786
2004-01-23,0.3373450040817261
2004-01-24,0.3446600139141083
2004-01-25,0.3841699957847595
2004-01-26,0.36697250604629517
2004-01-27,0.39687374234199524
2004-01-28,0.3658349812030792
2004-01-29,0.36872372031211853
2004-01-30,0.33014994859695435
2004-01-31,0.21347373723983765
2004-02-01,0.19028624892234802
2004-02-02,0.18351373076438904
2004-02-03,0.1733812391757965
2004-02-04,0.12898126244544983
2004-02-05,0.21618250012397766
2004-02-06,0.2972800135612488
2004-02-07,0.28676873445510864
2004-02-08,0.2556949853897095
2004-02-09,0.3203062415122986
2004-02-10,0.2864287495613098
2004-02-11,0.2035437375307083
2004-02-12,0.22687500715255737
2004-02-13,0.17481625080108643
2004-02-14,0.16316498816013336
2004-02-15,0.16862750053405762
2004-02-16,0.13286125659942627
2004-02-17,0.0789874866604805
2004-02-18,0.07259500026702881
2004-02-19,0.08459249883890152
2004-02-20,0.015229995362460613
2004-02-21,-0.020147506147623062
2004-02-22,-0.14790000021457672
2004-02-23,-0.13245625793933868
2004-02-24,-0.12898750603199005
2004-02-25,-0.06896624714136124
2004-02-26,-0.043794985860586166
2004-02-27,-0.05743125081062317
2004-02-28,-0.03519750386476517
2004-02-29,-0.08237499743700027
2004-03-01,-0.1334099918603897
2004-03-02,-0.1300937384366989
2004-03-03,-0.07052500545978546
2004-03-04,-0.08772499859333038
2004-03-05,-0.07675374299287796
2004-03-06,-0.12602874636650085
2004-03-07,-0.20208875834941864
2004-03-08,-0.20974624156951904
2004-03-09,-0.2118312418460846
2004-03-10,-0.28004997968673706
2004-03-11,-0.31208500266075134
2004-03-12,-0.28307121992111206
2004-03-13,-0.12209750711917877
2004-03-14,0.0016162529354915023
2004-03-15,-0.01889125071465969
2004-03-16,-0.11271374672651291
2004-03-17,-0.1379850059747696
2004-03-18,-0.13152499496936798
2004-03-19,-0.12736248970031738
2004-03-20,-0.12736374139785767
2004-03-21,-0.1238812580704689
2004-03-22,-0.2734462320804596
2004-03-23,-0.41839373111724854
2004-03-24,-0.40981751680374146
2004-03-25,-0.2830062508583069
2004-03-26,-0.32503747940063477
2004-03-27,-0.28192248940467834
2004-03-28,-0.1758212298154831
2004-03-29,-0.1160062626004219
2004-03-30,-0.1070375069975853
2004-03-31,-0.03314373642206192
2004-04-01,-0.054942499846220016
2004-04-02,-0.10950124263763428
2004-04-03,-0.016241248697042465
2004-04-04,0.07130875438451767
2004-04-05,0.20855124294757843
2004-04-06,0.2023337334394455
2004-04-07,0.11296499520540237
2004-04-08,0.11765500158071518
2004-04-09,0.12409499287605286
2004-04-10,0.07338624447584152
2004-04-11,0.08229125291109085
2004-04-12,0.17659375071525574
2004-04-13,0.1935724914073944
2004-04-14,0.17786000669002533
2004-04-15,0.12312998622655869
2004-04-16,0.09198625385761261
2004-04-17,0.06645374000072479
2004-04-18,0.10773750394582748
2004-04-19,0.1090487465262413
2004-04-20,0.029403751716017723
2004-04-21,-0.05112374573945999
2004-04-22,-0.06306750327348709
2004-04-23,0.06978500634431839
2004-04-24,0.17215874791145325
2004-04-25,0.19032873213291168
2004-04-26,0.17998874187469482
2004-04-27,0.14446374773979187
2004-04-28,0.12607374787330627
2004-04-29,0.13726374506950378
2004-04-30,0.0007849979447200894
2004-05-01,0.02885250560939312
2004-05-02,0.049539994448423386
2004-05-03,0.05328875035047531
2004-05-04,0.04890625178813934
2004-05-05,-0.007432498969137669
2004-05-06,-0.03242750093340874
2004-05-07,0.008133746683597565
2004-05-08,0.08976499736309052
2004-05-09,0.11000125110149384
2004-05-10,0.06068999320268631
2004-05-11,0.04796374961733818
2004-05-12,0.015092502348124981
2004-05-13,-0.07231373339891434
2004-05-14,-0.12820374965667725
2004-05-15,0.008555004373192787
2004-05-16,0.1997862458229065
2004-05-17,0.3246762454509735
2004-05-18,0.4305587112903595
2004-05-19,0.4434575140476227
2004-05-20,0.4329887628555298
2004-05-21,0.3688187301158905
2004-05-22,0.33663997054100037
2004-05-23,0.3258737325668335
2004-05-24,0.2953674793243408
2004-05-25,0.374788761138916
2004-05-26,0.4499574899673462
2004-05-27,0.43619751930236816
2004-05-28,0.39511749148368835
2004-05-29,0.3186587393283844
2004-05-30,0.28373876214027405
2004-05-31,0.34650373458862305
2004-06-01,0.37752872705459595
2004-06-02,0.35426998138427734
2004-06-03,0.29538625478744507
2004-06-04,0.3912237584590912
2004-06-05,0.49753621220588684
2004-06-06,0.4678662121295929
2004-06-07,0.43494001030921936
2004-06-08,0.4084224998950958
2004-06-09,0.3468512296676636
2004-06-10,0.3870137333869934
2004-06-11,0.41159749031066895
2004-06-12,0.3265150189399719
2004-06-13,0.19698625802993774
2004-06-14,0.1305050104856491
2004-06-15,0.08611250668764114
2004-06-16,0.10333874821662903
2004-06-17,0.20309250056743622
2004-06-18,0.2305849939584732
2004-06-19,0.20559874176979065
2004-06-20,0.12800998985767365
2004-06-21,0.12514998018741608
2004-06-22,0.017042502760887146
2004-06-23,-0.02154749631881714
2004-06-24,-0.12697000801563263
2004-06-25,-0.18859750032424927
2004-06-26,-0.1425362378358841
2004-06-27,-0.13128000497817993
2004-06-28,-0.06889624148607254
2004-06-29,-0.07165374606847763
2004-06-30,-0.09992499649524689
2004-07-01,-0.07055624574422836
2004-07-02,0.03370124474167824
2004-07-03,0.07823124527931213
2004-07-04,0.2600499987602234
2004-07-05,0.3905874490737915
2004-07-06,0.4747537672519684
2004-07-07,0.5745574831962585
2004-07-08,0.6706200242042542
2004-07-09,0.6649837493896484
2004-07-10,0.661407470703125
2004-07-11,0.6272550225257874
2004-07-12,0.5826737880706787
2004-07-13,0.6104849576950073
2004-07-14,0.6079249978065491
2004-07-15,0.6641324758529663
2004-07-16,0.7819975018501282
2004-07-17,0.8222612142562866
2004-07-18,0.7282849550247192
2004-07-19,0.7300687432289124
2004-07-20,0.6843125224113464
2004-07-21,0.7250186800956726
2004-07-22,0.7369487285614014
2004-07-23,0.7951299548149109
2004-07-24,0.8195212483406067
2004-07-25,0.9047712683677673
2004-07-26,0.984517514705658
2004-07-27,0.9737599492073059
2004-07-28,0.9851275086402893
2004-07-29,0.9223137497901917
2004-07-30,0.8291661739349365
2004-07-31,0.7701411843299866
2004-08-01,0.6384761929512024
2004-08-02,0.7471212148666382
2004-08-03,0.8145725131034851
2004-08-04,0.853767454624176
2004-08-05,0.8275662064552307
2004-08-06,0.8042312264442444
2004-08-07,0.8520399928092957
2004-08-08,0.8221474885940552
2004-08-09,0.7784625291824341
2004-08-10,0.7523637413978577
2004-08-11,0.7543599605560303
2004-08-12,0.6897562146186829
2004-08-13,0.6597462296485901
2004-08-14,0.7104437351226807
2004-08-15,0.7125437259674072
2004-08-16,0.6762612462043762
2004-08-17,0.5323599576950073
2004-08-18,0.5030249953269958
2004-08-19,0.5394275188446045
2004-08-20,0.5639950037002563
2004-08-21,0.6261786818504333
2004-08-22,0.5700275301933289
2004-08-23,0.6050599217414856
2004-08-24,0.7613287568092346
2004-08-25,0.7736837267875671
2004-08-26,0.7831587195396423
2004-08-27,0.796684980392456
2004-08-28,0.8312636613845825
2004-08-29,0.8823337554931641
2004-08-30,0.9101362228393555
2004-08-31,0.8831161856651306
2004-09-01,0.8818350434303284
2004-09-02,0.9147137403488159
2004-09-03,0.8604786992073059
2004-09-04,0.8142499923706055
2004-09-05,0.8603524565696716
2004-09-06,0.8334012627601624
2004-09-07,0.8344087600708008
2004-09-08,0.8078737854957581
2004-09-09,0.713883638381958
2004-09-10,0.6687174439430237
2004-09-11,0.6365975141525269
2004-09-12,0.6143762469291687
2004-09-13,0.6242499947547913
2004-09-14,0.5913312435150146
2004-09-15,0.6427812576293945
2004-09-16,0.6136174201965332
2004-09-17,0.4812312126159668
2004-09-18,0.5178812146186829
2004-09-19,0.6718837022781372
2004-09-20,0.7612274885177612
2004-09-21,0.8148274421691895
2004-09-22,0.8176774978637695
2004-09-23,0.7924911975860596
2004-09-24,0.7679212689399719
2004-09-25,0.724166214466095
2004-09-26,0.7181474566459656
2004-09-27,0.7641350030899048
2004-09-28,0.7309849858283997
2004-09-29,0.6689237356185913
2004-09-30,0.6648949384689331
2004-10-01,0.6700737476348877
2004-10-02,0.6206649541854858
2004-10-03,0.5425187349319458
2004-10-04,0.5019299983978271
2004-10-05,0.5677812695503235
2004-10-06,0.565646231174469
2004-10-07,0.4785574972629547
2004-10-08,0.49993371963500977
2004-10-09,0.5261862874031067
2004-10-10,0.617803692817688
2004-10-11,0.6189562082290649
2004-10-12,0.6112424731254578
2004-10-13,0.5746362209320068
2004-10-14,0.5916324853897095
2004-10-15,0.6367799639701843
2004-10-16,0.7002337574958801
2004-10-17,0.7959474921226501
2004-10-18,0.831936240196228
2004-10-19,0.8731275200843811
2004-10-20,0.9143362641334534
2004-10-21,0.9345237612724304
2004-10-22,0.9379187822341919
2004-10-23,0.91863614320755
2004-10-24,0.9954537153244019
2004-10-25,1.0027062892913818
2004-10-26,0.9744625091552734
2004-10-27,0.941867470741272
2004-10-28,0.89871746301651
2004-10-29,0.881677508354187
2004-10-30,0.9309287071228027
2004-10-31,0.9083499908447266
2004-11-01,0.8151999711990356
2004-11-02,0.8142049312591553
2004-11-03,0.8077186942100525
2004-11-04,0.7576249837875366
2004-11-05,0.7114024758338928
2004-11-06,0.8463199734687805
2004-11-07,0.8864449858665466
2004-11-08,0.8389962315559387
2004-11-09,0.7254611849784851
2004-11-10,0.7327950596809387
2004-11-11,0.7915862202644348
2004-11-12,0.8670762777328491
2004-11-13,0.8812261819839478
2004-11-14,0.8744711875915527
2004-11-15,0.9181474447250366
2004-11-16,0.9636549353599548
2004-11-17,0.9811800122261047
2004-11-18,0.884642481803894
2004-11-19,0.7134012579917908
2004-11-20,0.758641242980957
2004-11-21,0.8886187076568604
2004-11-22,0.9430399537086487
2004-11-23,0.8630087375640869
2004-11-24,0.7411587238311768
2004-11-25,0.7105349898338318
2004-11-26,0.7709137797355652
2004-11-27,0.7266324758529663
2004-11-28,0.7095537185668945
2004-11-29,0.6077224612236023
2004-11-30,0.670615017414093
2004-12-01,0.7176425457000732
2004-12-02,0.7091174125671387
2004-12-03,0.675318717956543
2004-12-04,0.7400624752044678
2004-12-05,0.8353725075721741
2004-12-06,0.9539186954498291
2004-12-07,0.9658312201499939
2004-12-08,0.8291562795639038
2004-12-09,0.8009187579154968
2004-12-10,0.8330899477005005
2004-12-11,0.825392484664917
2004-12-12,0.7712612152099609
2004-12-13,0.8036412596702576
2004-12-14,0.7912675142288208
2004-12-15,0.8530887365341187
2004-12-16,0.7781649231910706
2004-12-17,0.6600899696350098
2004-12-18,0.508994996547699
2004-12-19,0.564942479133606
2004-12-20,0.5517474412918091
2004-12-21,0.5241024494171143
2004-12-22,0.5433900356292725
2004-12-23,0.6610837578773499
2004-12-24,0.7175949811935425
2004-12-25,0.7553949952125549
2004-12-26,0.7276211977005005
2004-12-27,0.6741012334823608
2004-12-28,0.6267699599266052
2004-12-29,0.5726199150085449
2004-12-30,0.5997837781906128
2004-12-31,0.5960224866867065
2005-01-01,0.6062099933624268
2005-01-02,0.599301278591156
2005-01-03,0.6466437578201294
2005-01-04,0.6635386943817139
2005-01-05,0.7112486958503723
2005-01-06,0.6791512370109558
2005-01-07,0.5580725073814392
2005-01-08,0.45102253556251526
2005-01-09,0.5934187769889832
2005-01-10,0.6723687648773193
2005-01-11,0.7571699619293213
2005-01-12,0.7551875114440918
2005-01-13,0.6708449721336365
2005-01-14,0.4864562153816223
2005-01-15,0.4435724914073944
2005-01-16,0.49441877007484436
2005-01-17,0.5432512164115906
2005-01-18,0.535860002040863
2005-01-19,0.5824275016784668
2005-01-20,0.6185625195503235
2005-01-21,0.6389036774635315
2005-01-22,0.7157912850379944
2005-01-23,0.6532512307167053
2005-01-24,0.6089074611663818
2005-01-25,0.5766525268554688
2005-01-26,0.6368486881256104
2005-01-27,0.5723012685775757
2005-01-28,0.4323499798774719
2005-01-29,0.2404175102710724
2005-01-30,0.1385124921798706
2005-01-31,0.08975625783205032
2005-02-01,0.19270624220371246
2005-02-02,0.21814623475074768
2005-02-03,0.14672748744487762
2005-02-04,0.1538362354040146
2005-02-05,0.2510712444782257
2005-02-06,0.27773749828338623
2005-02-07,0.17810750007629395
2005-02-08,0.17963124811649323
2005-02-09,0.15616874396800995
2005-02-10,0.27231499552726746
2005-02-11,0.45393750071525574
2005-02-12,0.44606250524520874
2005-02-13,0.3078862428665161
2005-02-14,0.2474299967288971
2005-02-15,0.29739123582839966
2005-02-16,0.3080875277519226
2005-02-17,0.16974999010562897
2005-02-18,0.05054499953985214
2005-02-19,0.21064874529838562
2005-02-20,0.2442999929189682
2005-02-21,0.25191497802734375
2005-02-22,0.12135124206542969
2005-02-23,0.06325375288724899
2005-02-24,-0.016369998455047607
2005-02-25,-0.13669376075267792
2005-02-26,-0.23992124199867249
2005-02-27,-0.25326499342918396
2005-02-28,-0.15341874957084656
2005-03-01,-0.11502373963594437
2005-03-02,-0.0798874944448471
2005-03-03,-0.039649996906518936
2005-03-04,0.02254125289618969
2005-03-05,0.1345749795436859
2005-03-06,0.24892748892307281
2005-03-07,0.2662137448787689
2005-03-08,0.19530248641967773
2005-03-09,0.09675499051809311
2005-03-10,0.16301248967647552
2005-03-11,0.22611624002456665
2005-03-12,0.23027250170707703
2005-03-13,0.21298247575759888
2005-03-14,0.30147749185562134
2005-03-15,0.36691126227378845
2005-03-16,0.42960125207901
2005-03-17,0.44874998927116394
2005-03-18,0.3889949917793274
2005-03-19,0.41223248839378357
2005-03-20,0.3961524963378906
2005-03-21,0.2780674993991852
2005-03-22,0.2872525155544281
2005-03-23,0.253921240568161
2005-03-24,0.2139124870300293
2005-03-25,0.29930374026298523
2005-03-26,0.42581871151924133
2005-03-27,0.591487467288971
2005-03-28,0.6510649919509888
2005-03-29,0.5611037611961365
2005-03-30,0.43268999457359314
2005-03-31,0.4375012218952179
2005-04-01,0.4757262170314789
2005-04-02,0.4394974708557129
2005-04-03,0.3256950080394745
2005-04-04,0.23877625167369843
2005-04-05,0.17619624733924866
2005-04-06,0.1732662469148636
2005-04-07,0.139227494597435
2005-04-08,0.16792748868465424
2005-04-09,0.11568249762058258
2005-04-10,0.06931374967098236
2005-04-11,0.13763874769210815
2005-04-12,0.06677499413490295
2005-04-13,0.0369812436401844
2005-04-14,-0.044093742966651917
2005-04-15,0.04915250092744827
2005-04-16,0.12383124232292175
2005-04-17,0.06641999632120132
2005-04-18,0.11679500341415405
2005-04-19,0.19828499853610992
2005-04-20,0.2753174901008606
2005-04-21,0.31757500767707825
2005-04-22,0.3437862694263458
2005-04-23,0.48822999000549316
2005-04-24,0.5627211928367615
2005-04-25,0.5177124738693237
2005-04-26,0.4939437210559845
2005-04-27,0.5245762467384338
2005-04-28,0.6141887307167053
2005-04-29,0.5727974772453308
2005-04-30,0.48595377802848816
2005-05-01,0.4328800141811371
2005-05-02,0.3518449664115906
2005-05-03,0.3081350028514862
2005-05-04,0.3615574836730957
2005-05-05,0.42469123005867004
2005-05-06,0.424872487783432
2005-05-07,0.439761221408844
2005-05-08,0.4074162244796753
2005-05-09,0.41470998525619507
2005-05-10,0.40443500876426697
2005-05-11,0.432428777217865
2005-05-12,0.3798387348651886
2005-05-13,0.4505324959754944
2005-05-14,0.46751996874809265
2005-05-15,0.440616250038147
2005-05-16,0.3512825071811676
2005-05-17,0.26608502864837646
2005-05-18,0.28544750809669495
2005-05-19,0.2463275045156479
2005-05-20,0.24259251356124878
2005-05-21,0.2373187392950058
2005-05-22,0.3555849492549896
2005-05-23,0.4809425175189972
2005-05-24,0.4132337272167206
2005-05-25,0.3186987340450287
2005-05-26,0.26327621936798096
2005-05-27,0.25909125804901123
2005-05-28,0.32372376322746277
2005-05-29,0.27409499883651733
2005-05-30,0.14388997852802277
2005-05-31,0.0778375044465065
2005-06-01,0.13661499321460724
2005-06-02,0.303012490272522
2005-06-03,0.32567375898361206
2005-06-04,0.3675374686717987
2005-06-05,0.43007373809814453
2005-06-06,0.436418741941452
2005-06-07,0.4439924955368042
2005-06-08,0.4864024519920349
2005-06-09,0.5371124744415283
2005-06-10,0.49191999435424805
2005-06-11,0.4741787612438202
2005-06-12,0.5029011964797974
2005-06-13,0.5575987696647644
2005-06-14,0.43952375650405884
2005-06-15,0.3218587636947632
2005-06-16,0.4282587170600891
2005-06-17,0.425983726978302
2005-06-18,0.31024500727653503
2005-06-19,0.1925937533378601
2005-06-20,0.36758625507354736
2005-06-21,0.4532737135887146
2005-06-22,0.4393899738788605
2005-06-23,0.4378574788570404
2005-06-24,0.4249024987220764
2005-06-25,0.38639622926712036
2005-06-26,0.2791162133216858
2005-06-27,0.26105499267578125
2005-06-28,0.35043373703956604
2005-06-29,0.3750075101852417
2005-06-30,0.37789246439933777
2005-07-01,0.3696712255477905
2005-07-02,0.3722437024116516
2005-07-03,0.4350212514400482
2005-07-04,0.4378049671649933
2005-07-05,0.4443587064743042
2005-07-06,0.3818874955177307
2005-07-07,0.27080127596855164
2005-07-08,0.2400200068950653
2005-07-09,0.21887624263763428
2005-07-10,0.27057623863220215
2005-07-11,0.25284749269485474
2005-07-12,0.1921287477016449
2005-07-13,0.18061499297618866
2005-07-14,0.2595137357711792
2005-07-15,0.3557737469673157
2005-07-16,0.3363712430000305
2005-07-17,0.2875012457370758
2005-07-18,0.26518872380256653
2005-07-19,0.25645747780799866
2005-07-20,0.21851623058319092
2005-07-21,0.2103087455034256
2005-07-22,0.2047250121831894
2005-07-23,0.10233499109745026
2005-07-24,0.04289500042796135
2005-07-25,0.06137499958276749
2005-07-26,0.10224124789237976
2005-07-27,0.11615249514579773
2005-07-28,0.03441249951720238
2005-07-29,0.04465874657034874
2005-07-30,0.04710500314831734
2005-07-31,0.005361244082450867
2005-08-01,-0.053061243146657944
2005-08-02,-0.07188499718904495
2005-08-03,0.005557502619922161
2005-08-04,0.03192999213933945
2005-08-05,0.009711246937513351
2005-08-06,0.14080125093460083
2005-08-07,0.16574248671531677
2005-08-08,0.152918741106987
2005-08-09,0.11309999972581863
2005-08-10,0.14903125166893005
2005-08-11,0.23584623634815216
2005-08-12,0.2738499939441681
2005-08-13,0.26784875988960266
2005-08-14,0.2199549823999405
2005-08-15,0.17738623917102814
2005-08-16,0.2017975002527237
2005-08-17,0.2253437489271164
2005-08-18,0.13625751435756683
2005-08-19,0.06256625056266785
2005-08-20,0.08210001140832901
2005-08-21,0.10800747573375702
2005-08-22,0.08920001238584518
2005-08-23,0.10661999881267548
2005-08-24,0.08471249788999557
2005-08-25,0.1146949976682663
2005-08-26,0.14960873126983643
2005-08-27,0.2254512459039688
2005-08-28,0.22691747546195984
2005-08-29,0.2420799881219864
2005-08-30,0.16881625354290009
2005-08-31,0.06623625010251999
2005-09-01,-0.01344375591725111
2005-09-02,-0.0857975035905838
2005-09-03,-0.1795862466096878
2005-09-04,-0.23667751252651215
2005-09-05,-0.27003374695777893
2005-09-06,-0.20493625104427338
2005-09-07,-0.2606450319290161
2005-09-08,-0.3719087541103363
2005-09-09,-0.33532246947288513
2005-09-10,-0.3049262464046478
2005-09-11,-0.2129725068807602
2005-09-12,-0.09029500186443329
2005-09-13,-0.10889625549316406
2005-09-14,-0.1643275022506714
2005-09-15,-0.22089999914169312
2005-09-16,-0.301666259765625
2005-09-17,-0.2304224967956543
2005-09-18,-0.06987249851226807
2005-09-19,0.02386750839650631
2005-09-20,0.1203400120139122
2005-09-21,0.1561974734067917
2005-09-22,0.20750999450683594
2005-09-23,0.2563900053501129
2005-09-24,0.2542562484741211
2005-09-25,0.17000626027584076
2005-09-26,0.02565624937415123
2005-09-27,-0.058375000953674316
2005-09-28,0.0881737470626831
2005-09-29,0.08116374909877777
2005-09-30,-0.020112501457333565
2005-10-01,-0.016682498157024384
2005-10-02,-0.06175374612212181
2005-10-03,-0.010745001025497913
2005-10-04,0.02620125003159046
2005-10-05,0.10644374787807465
2005-10-06,0.033281244337558746
2005-10-07,0.08162874728441238
2005-10-08,0.13509374856948853
2005-10-09,0.13463126122951508
2005-10-10,0.133760005235672
2005-10-11,0.11997375637292862
2005-10-12,0.0893387496471405
2005-10-13,0.012018749490380287
2005-10-14,-0.04377499595284462
2005-10-15,0.0015424956800416112
2005-10-16,0.03594749793410301
2005-10-17,-0.009698745794594288
2005-10-18,0.08852624148130417
2005-10-19,0.15212874114513397
2005-10-20,0.19340373575687408
2005-10-21,0.23112499713897705
2005-10-22,0.20061874389648438
2005-10-23,0.08583500236272812
2005-10-24,-0.06311249732971191
2005-10-25,-0.06465999782085419
2005-10-26,-0.06612249463796616
2005-10-27,-0.014345001429319382
2005-10-28,-0.0635799989104271
2005-10-29,-0.17507249116897583
2005-10-30,-0.26792627573013306
2005-10-31,-0.1812025010585785
2005-11-01,-0.14291875064373016
2005-11-02,-0.1096387580037117
2005-11-03,-0.22516374289989471
2005-11-04,-0.3336024880409241
2005-11-05,-0.33081749081611633
2005-11-06,-0.34627124667167664
2005-11-07,-0.3614962697029114
2005-11-08,-0.35109245777130127
2005-11-09,-0.305533766746521
2005-11-10,-0.2848387062549591
2005-11-11,-0.2617399990558624
2005-11-12,-0.2728412449359894
2005-11-13,-0.2655337452888489
2005-11-14,-0.2747649848461151
2005-11-15,-0.18714123964309692
2005-11-16,-0.1698399931192398
2005-11-17,-0.2147437483072281
2005-11-18,-0.2399587333202362
2005-11-19,-0.21981999278068542
2005-11-20,-0.2507687509059906
2005-11-21,-0.30065375566482544
2005-11-22,-0.3188312351703644
2005-11-23,-0.36636748909950256
2005-11-24,-0.41362500190734863
2005-11-25,-0.5009575486183167
2005-11-26,-0.5677487850189209
2005-11-27,-0.5693637132644653
2005-11-28,-0.5213462710380554
2005-11-29,-0.5805362462997437
2005-11-30,-0.6212737560272217
2005-12-01,-0.685355007648468
2005-12-02,-0.7024475336074829
2005-12-03,-0.7176912426948547
2005-12-04,-0.7654000520706177
2005-12-05,-0.7496524453163147
2005-12-06,-0.7152712345123291
2005-12-07,-0.5764225125312805
2005-12-08,-0.4984337389469147
2005-12-09,-0.4907974898815155
2005-12-10,-0.5560262203216553
2005-12-11,-0.7004187107086182
2005-12-12,-0.7331087589263916
2005-12-13,-0.669508695602417
2005-12-14,-0.6652724742889404
2005-12-15,-0.6028512120246887
2005-12-16,-0.5879974961280823
2005-12-17,-0.6598924398422241
2005-12-18,-0.6672750115394592
2005-12-19,-0.6860525012016296
2005-12-20,-0.757803738117218
2005-12-21,-0.8543312549591064
2005-12-22,-0.8392924666404724
2005-12-23,-0.782518744468689
2005-12-24,-0.7745024561882019
2005-12-25,-0.7687800526618958
2005-12-26,-0.7532774806022644
2005-12-27,-0.7965350151062012
2005-12-28,-0.9321837425231934
2005-12-29,-1.0325775146484375
2005-12-30,-1.102411150932312
2005-12-31,-1.1422349214553833
2006-01-01,-1.0749411582946777
2006-01-02,-1.0018800497055054
2006-01-03,-0.9687225222587585
2006-01-04,-0.9225311875343323
2006-01-05,-0.8521049618721008
2006-01-06,-0.8490636944770813
2006-01-07,-0.8564049601554871
2006-01-08,-0.8737737536430359
2006-01-09,-0.911041259765625
2006-01-10,-0.9540812969207764
2006-01-11,-1.0362900495529175
2006-01-12,-1.1605212688446045
2006-01-13,-1.1573587656021118
2006-01-14,-1.0813449621200562
2006-01-15,-1.15484619140625
2006-01-16,-1.1837986707687378
2006-01-17,-1.1146448850631714
2006-01-18,-1.0952186584472656
2006-01-19,-1.1446850299835205
2006-01-20,-1.152919888496399
2006-01-21,-1.1546112298965454
2006-01-22,-1.0765812397003174
2006-01-23,-0.9546186327934265
2006-01-24,-0.8779987096786499
2006-01-25,-0.8472349643707275
2006-01-26,-0.7990074753761292
2006-01-27,-0.8478737473487854
2006-01-28,-0.978054940700531
2006-01-29,-1.0606762170791626
2006-01-30,-0.979333758354187
2006-01-31,-0.9099287390708923
2006-02-01,-0.9613361954689026
2006-02-02,-1.0586849451065063
2006-02-03,-1.099951148033142
2006-02-04,-1.1221599578857422
2006-02-05,-1.1293213367462158
2006-02-06,-1.125734806060791
2006-02-07,-1.0722624063491821
2006-02-08,-0.8639525175094604
2006-02-09,-0.8134636878967285
2006-02-10,-0.7755287289619446
2006-02-11,-0.7645524740219116
2006-02-12,-0.6714338064193726
2006-02-13,-0.7268324494361877
2006-02-14,-0.8358849883079529
2006-02-15,-0.8565224409103394
2006-02-16,-0.8579049706459045
2006-02-17,-0.7717837691307068
2006-02-18,-0.6902075409889221
2006-02-19,-0.5966500043869019
2006-02-20,-0.5104424953460693
2006-02-21,-0.43277373909950256
2006-02-22,-0.34696123003959656
2006-02-23,-0.3398149907588959
2006-02-24,-0.3917824625968933
2006-02-25,-0.4992462396621704
2006-02-26,-0.515183687210083
2006-02-27,-0.5517237782478333
2006-02-28,-0.7474400401115417
2006-03-01,-0.9609962701797485
2006-03-02,-0.8815462589263916
2006-03-03,-0.7218112945556641
2006-03-04,-0.7788962125778198
2006-03-05,-0.8517024517059326
2006-03-06,-0.8404862284660339
2006-03-07,-0.7322499752044678
2006-03-08,-0.7099525332450867
2006-03-09,-0.7020462155342102
2006-03-10,-0.7254287004470825
2006-03-11,-0.6682712435722351
2006-03-12,-0.6396850347518921
2006-03-13,-0.6769236922264099
2006-03-14,-0.7141550183296204
2006-03-15,-0.7236612439155579
2006-03-16,-0.6415675282478333
2006-03-17,-0.6367986798286438
2006-03-18,-0.6855974793434143
2006-03-19,-0.6609037518501282
2006-03-20,-0.702412486076355
2006-03-21,-0.7261787056922913
2006-03-22,-0.7190037369728088
2006-03-23,-0.7177687287330627
2006-03-24,-0.6730262637138367
2006-03-25,-0.6839137077331543
2006-03-26,-0.610587477684021
2006-03-27,-0.5180937647819519
2006-03-28,-0.4150112271308899
2006-03-29,-0.41905373334884644
2006-03-30,-0.45964503288269043
2006-03-31,-0.4268312454223633
2006-04-01,-0.24954000115394592
2006-04-02,-0.16484124958515167
2006-04-03,-0.131438747048378
2006-04-04,-0.08003999292850494
2006-04-05,-0.06022750213742256
2006-04-06,-0.06897500157356262
2006-04-07,-0.1300087422132492
2006-04-08,-0.07897999882698059
2006-04-09,0.051601242274045944
2006-04-10,0.10109250247478485
2006-04-11,0.12167125195264816
2006-04-12,0.07128625363111496
2006-04-13,-0.09474249184131622
2006-04-14,-0.15562249720096588
2006-04-15,-0.2569562494754791
2006-04-16,-0.25455498695373535
2006-04-17,-0.21608874201774597
2006-04-18,-0.311403751373291
2006-04-19,-0.4041849970817566
2006-04-20,-0.49491873383522034
2006-04-21,-0.4285612404346466
2006-04-22,-0.3177337348461151
2006-04-23,-0.1269812434911728
2006-04-24,-0.13190625607967377
2006-04-25,-0.08648999780416489
2006-04-26,-0.12715749442577362
2006-04-27,-0.1073949933052063
2006-04-28,-0.0642712414264679
2006-04-29,-0.005401245318353176
2006-04-30,-0.06097250059247017
2006-05-01,-0.07179500162601471
2006-05-02,-0.10764499753713608
2006-05-03,-0.1515287458896637
2006-05-04,-0.13445748388767242
2006-05-05,-0.089867502450943
2006-05-06,-0.08109875023365021
2006-05-07,-0.07914499938488007
2006-05-08,-0.07331375032663345
2006-05-09,-0.11429999768733978
2006-05-10,-0.13959375023841858
2006-05-11,-0.13445374369621277
2006-05-12,-0.08917249739170074
2006-05-13,-0.0239187553524971
2006-05-14,0.15208499133586884
2006-05-15,0.1857537478208542
2006-05-16,0.2373349964618683
2006-05-17,0.2837974727153778
2006-05-18,0.2401362508535385
2006-05-19,0.18651250004768372
2006-05-20,0.21717123687267303
2006-05-21,0.24834498763084412
2006-05-22,0.2505587339401245
2006-05-23,0.21406124532222748
2006-05-24,0.16760873794555664
2006-05-25,0.07014499604701996
2006-05-26,0.013867492787539959
2006-05-27,0.07791499048471451
2006-05-28,0.020748745650053024
2006-05-29,0.07402749359607697
2006-05-30,0.18442124128341675
2006-05-31,0.26585376262664795
2006-06-01,0.3584499955177307
2006-06-02,0.39283502101898193
2006-06-03,0.2684774696826935
2006-06-04,0.28921374678611755
2006-06-05,0.3121512532234192
2006-06-06,0.3609425127506256
2006-06-07,0.42321375012397766
2006-06-08,0.45525500178337097
2006-06-09,0.5018812417984009
2006-06-10,0.5630624890327454
2006-06-11,0.4804612398147583
2006-06-12,0.41693875193595886
2006-06-13,0.3813524842262268
2006-06-14,0.2841837406158447
2006-06-15,0.25999122858047485
2006-06-16,0.23960748314857483
2006-06-17,0.2615025043487549
2006-06-18,0.2837875187397003
2006-06-19,0.29501500725746155
2006-06-20,0.32932376861572266
2006-06-21,0.2742224931716919
2006-06-22,0.19972997903823853
2006-06-23,0.22903500497341156
2006-06-24,0.22308623790740967
2006-06-25,0.09802750498056412
2006-06-26,0.07920250296592712
2006-06-27,0.08600125461816788
2006-06-28,0.14249123632907867
2006-06-29,0.060426246374845505
2006-06-30,-0.0977187529206276
2006-07-01,-0.06392250210046768
2006-07-02,0.06305000185966492
2006-07-03,0.043728746473789215
2006-07-04,-0.018412498757243156
2006-07-05,-0.0489637516438961
2006-07-06,0.043445002287626266
2006-07-07,0.12420625239610672
2006-07-08,0.07175374776124954
2006-07-09,0.10558999329805374
2006-07-10,0.16673748195171356
2006-07-11,0.21573123335838318
2006-07-12,0.1416275054216385
2006-07-13,0.045170001685619354
2006-07-14,0.00120375060942024
2006-07-15,0.04921124503016472
2006-07-16,0.03332999721169472
2006-07-17,0.1134212464094162
2006-07-18,0.200306236743927
2006-07-19,0.24114373326301575
2006-07-20,0.17162375152111053
2006-07-21,0.14268124103546143
2006-07-22,0.11770374327898026
2006-07-23,0.17361624538898468
2006-07-24,0.30306875705718994
2006-07-25,0.28601500391960144
2006-07-26,0.26793378591537476
2006-07-27,0.29309624433517456
2006-07-28,0.31322500109672546
2006-07-29,0.31602001190185547
2006-07-30,0.30504998564720154
2006-07-31,0.30380499362945557
2006-08-01,0.29646751284599304
2006-08-02,0.2677474915981293
2006-08-03,0.27868375182151794
2006-08-04,0.3314175009727478
2006-08-05,0.32804998755455017
2006-08-06,0.2856787443161011
2006-08-07,0.29923123121261597
2006-08-08,0.31450626254081726
2006-08-09,0.2304924875497818
2006-08-10,0.19182249903678894
2006-08-11,0.2130662500858307
2006-08-12,0.37018871307373047
2006-08-13,0.3732224702835083
2006-08-14,0.37115123867988586
2006-08-15,0.524766206741333
2006-08-16,0.5656962394714355
2006-08-17,0.49210748076438904
2006-08-18,0.5203374624252319
2006-08-19,0.48345497250556946
2006-08-20,0.5778037309646606
2006-08-21,0.6377162337303162
2006-08-22,0.6722337603569031
2006-08-23,0.6521949172019958
2006-08-24,0.5404099822044373
2006-08-25,0.4508124887943268
2006-08-26,0.44024500250816345
2006-08-27,0.4813249707221985
2006-08-28,0.5302274823188782
2006-08-29,0.621556282043457
2006-08-30,0.6895849704742432
2006-08-31,0.6950337290763855
2006-09-01,0.6559761762619019
2006-09-02,0.5704212784767151
2006-09-03,0.5518662929534912
2006-09-04,0.585842490196228
2006-09-05,0.6137962937355042
2006-09-06,0.5876662731170654
2006-09-07,0.5376774668693542
2006-09-08,0.5002374649047852
2006-09-09,0.613513708114624
2006-09-10,0.6311962604522705
2006-09-11,0.5538774132728577
2006-09-12,0.4603475034236908
2006-09-13,0.45727622509002686
2006-09-14,0.4763687551021576
2006-09-15,0.49212372303009033
2006-09-16,0.5279988050460815
2006-09-17,0.6002324819564819
2006-09-18,0.6682437658309937
2006-09-19,0.7097687125205994
2006-09-20,0.6518537402153015
2006-09-21,0.6552149653434753
2006-09-22,0.7532212138175964
2006-09-23,0.7832937240600586
2006-09-24,0.7055174708366394
2006-09-25,0.6315324902534485
2006-09-26,0.5978312492370605
2006-09-27,0.6302062273025513
2006-09-28,0.5717037320137024
2006-09-29,0.5622824430465698
2006-09-30,0.5367475152015686
2006-10-01,0.5506137609481812
2006-10-02,0.4715399742126465
2006-10-03,0.37499871850013733
2006-10-04,0.43699249625205994
2006-10-05,0.36403748393058777
2006-10-06,0.33956626057624817
2006-10-07,0.32640373706817627
2006-10-08,0.462799996137619
2006-10-09,0.627364993095398
2006-10-10,0.7900974750518799
2006-10-11,0.825738787651062
2006-10-12,0.7963012456893921
2006-10-13,0.8454511761665344
2006-10-14,0.9466074705123901
2006-10-15,0.9044124484062195
2006-10-16,0.8624899983406067
2006-10-17,0.7883611917495728
2006-10-18,0.6602887511253357
2006-10-19,0.6773674488067627
2006-10-20,0.7615662217140198
2006-10-21,0.8257524967193604
2006-10-22,0.897763729095459
2006-10-23,0.9642736911773682
2006-10-24,0.9781624674797058
2006-10-25,0.9188462495803833
2006-10-26,0.9521963000297546
2006-10-27,1.0175111293792725
2006-10-28,1.0361225605010986
2006-10-29,1.1161149740219116
2006-10-30,1.1055774688720703
2006-10-31,0.9516424536705017
2006-11-01,0.9036250114440918
2006-11-02,0.8450537323951721
2006-11-03,0.7882375717163086
2006-11-04,0.7171549797058105
2006-11-05,0.7851374745368958
2006-11-06,0.9436975121498108
2006-11-07,1.0047687292099
2006-11-08,0.9519699811935425
2006-11-09,0.9905462861061096
2006-11-10,1.005792498588562
2006-11-11,1.0015699863433838
2006-11-12,1.0760587453842163
2006-11-13,1.22727632522583
2006-11-14,1.2783112525939941
2006-11-15,1.2729148864746094
2006-11-16,1.2586851119995117
2006-11-17,1.302972435951233
2006-11-18,1.2659138441085815
2006-11-19,1.156343698501587
2006-11-20,1.0756362676620483
2006-11-21,1.1182887554168701
2006-11-22,1.2709898948669434
2006-11-23,1.302511215209961
2006-11-24,1.1613799333572388
2006-11-25,1.1447075605392456
2006-11-26,1.2296125888824463
2006-11-27,1.2173974514007568
2006-11-28,1.0906798839569092
2006-11-29,1.0930763483047485
2006-11-30,1.1292223930358887
2006-12-01,1.0583299398422241
2006-12-02,1.181517481803894
2006-12-03,1.214327335357666
2006-12-04,1.234665036201477
2006-12-05,1.2065324783325195
2006-12-06,1.3015811443328857
2006-12-07,1.2766350507736206
2006-12-08,1.179262399673462
2006-12-09,1.210203766822815
2006-12-10,1.2710713148117065
2006-12-11,1.2419525384902954
2006-12-12,1.2371150255203247
2006-12-13,1.2998175621032715
2006-12-14,1.263642430305481
2006-12-15,1.2222161293029785
2006-12-16,1.264338731765747
2006-12-17,1.2405412197113037
2006-12-18,1.212705135345459
2006-12-19,1.225967526435852
2006-12-20,1.2588274478912354
2006-12-21,1.2381149530410767
2006-12-22,1.2725424766540527
2006-12-23,1.2825149297714233
2006-12-24,1.306820034980774
2006-12-25,1.3261512517929077
2006-12-26,1.247844934463501
2006-12-27,1.1556099653244019
2006-12-28,1.115955114364624
2006-12-29,1.1314200162887573
2006-12-30,1.026883840560913
2006-12-31,0.9397825002670288
2007-01-01,0.9406211972236633
2007-01-02,0.9495424628257751
2007-01-03,0.9707512259483337
2007-01-04,1.0063161849975586
2007-01-05,1.0020437240600586
2007-01-06,0.9473599791526794
2007-01-07,0.945381224155426
2007-01-08,0.9305574297904968
2007-01-09,0.9128762483596802
2007-01-10,0.8328850269317627
2007-01-11,0.8126962184906006
2007-01-12,0.8149237036705017
2007-01-13,0.802370011806488
2007-01-14,0.7821750640869141
2007-01-15,0.8181250095367432
2007-01-16,0.8424687385559082
2007-01-17,0.7671250104904175
2007-01-18,0.6686587333679199
2007-01-19,0.5892587900161743
2007-01-20,0.5316312313079834
2007-01-21,0.5033737421035767
2007-01-22,0.42935502529144287
2007-01-23,0.41573619842529297
2007-01-24,0.46566370129585266
2007-01-25,0.5431874990463257
2007-01-26,0.5349612236022949
2007-01-27,0.5304762721061707
2007-01-28,0.5111537575721741
2007-01-29,0.50429368019104
2007-01-30,0.441647469997406
2007-01-31,0.39561372995376587
2007-02-01,0.31135624647140503
2007-02-02,0.33740124106407166
2007-02-03,0.32669997215270996
2007-02-04,0.2652287483215332
2007-02-05,0.2819262742996216
2007-02-06,0.31865623593330383
2007-02-07,0.30254751443862915
2007-02-08,0.26035624742507935
2007-02-09,0.1877875030040741
2007-02-10,0.1535549908876419
2007-02-11,0.1698712408542633
2007-02-12,0.15846624970436096
2007-02-13,0.09341749548912048
2007-02-14,0.02581125684082508
2007-02-15,-0.03539124131202698
2007-02-16,-0.10308125615119934
2007-02-17,-0.16647250950336456
2007-02-18,-0.14974874258041382
2007-02-19,-0.14108999073505402
2007-02-20,-0.21062998473644257
2007-02-21,-0.23752997815608978
2007-02-22,-0.25357624888420105
2007-02-23,-0.22393372654914856
2007-02-24,-0.20537497103214264
2007-02-25,-0.21692748367786407
2007-02-26,-0.22925499081611633
2007-02-27,-0.24918249249458313
2007-02-28,-0.2603062093257904
2007-03-01,-0.21683751046657562
2007-03-02,-0.11908125132322311
2007-03-03,-0.057586248964071274
2007-03-04,-0.006111253518611193
2007-03-05,-0.035901255905628204
2007-03-06,-0.09847500920295715
2007-03-07,-0.10911248624324799
2007-03-08,-0.08776500076055527
2007-03-09,-0.07881124317646027
2007-03-10,-0.08192750811576843
2007-03-11,-0.08062624931335449
2007-03-12,-0.05702999234199524
2007-03-13,-0.013816249556839466
2007-03-14,0.0287337563931942
2007-03-15,0.07264374941587448
2007-03-16,0.10320249944925308
2007-03-17,0.0703512504696846
2007-03-18,0.038562506437301636
2007-03-19,-0.006883743219077587
2007-03-20,-0.031818754971027374
2007-03-21,-0.020813744515180588
2007-03-22,-0.05133875459432602
2007-03-23,-0.09584248811006546
2007-03-24,-0.10884124785661697
2007-03-25,-0.1159375011920929
2007-03-26,-0.13082000613212585
2007-03-27,-0.16206124424934387
2007-03-28,-0.1498900055885315
2007-03-29,-0.15068624913692474
2007-03-30,-0.18567624688148499
2007-03-31,-0.2529025077819824
2007-04-01,-0.24614499509334564
2007-04-02,-0.19729748368263245
2007-04-03,-0.1372862607240677
2007-04-04,-0.05743750184774399
2007-04-05,0.08510874956846237
2007-04-06,0.30488622188568115
2007-04-07,0.38019874691963196
2007-04-08,0.3868987560272217
2007-04-09,0.35587623715400696
2007-04-10,0.33911874890327454
2007-04-11,0.266641229391098
2007-04-12,0.20327624678611755
2007-04-13,0.17618750035762787
2007-04-14,0.10881374776363373
2007-04-15,0.044972505420446396
2007-04-16,0.020502500236034393
2007-04-17,0.03432000055909157
2007-04-18,0.08489625155925751
2007-04-19,0.08468874543905258
2007-04-20,0.05651500076055527
2007-04-21,0.0017025022534653544
2007-04-22,-0.024768749251961708
2007-04-23,-0.0442887507379055
2007-04-24,-0.08214499056339264
2007-04-25,-0.14725375175476074
2007-04-26,-0.142272487282753
2007-04-27,-0.19379499554634094
2007-04-28,-0.2255137413740158
2007-04-29,-0.2622887194156647
2007-04-30,-0.32314378023147583
2007-05-01,-0.4733037054538727
2007-05-02,-0.5144712328910828
2007-05-03,-0.5455899834632874
2007-05-04,-0.5249186754226685
2007-05-05,-0.4901462495326996
2007-05-06,-0.49785125255584717
2007-05-07,-0.5358611941337585
2007-05-08,-0.5291949510574341
2007-05-09,-0.5014824867248535
2007-05-10,-0.506167471408844
2007-05-11,-0.4972212016582489
2007-05-12,-0.5189424753189087
2007-05-13,-0.5929787755012512
2007-05-14,-0.5741761922836304
2007-05-15,-0.4909787178039551
2007-05-16,-0.4113375246524811
2007-05-17,-0.3930112421512604
2007-05-18,-0.35589122772216797
2007-05-19,-0.27361249923706055
2007-05-20,-0.2284574955701828
2007-05-21,-0.15841498970985413
2007-05-22,-0.12681874632835388
2007-05-23,-0.08338749408721924
2007-05-24,-0.03620374947786331
2007-05-25,-0.03711000084877014
2007-05-26,-0.07057499885559082
2007-05-27,-0.03835625201463699
2007-05-28,-0.0042050001211464405
2007-05-29,-0.0037912502884864807
2007-05-30,-0.03846124932169914
2007-05-31,-0.05084750056266785
2007-06-01,-0.06569000333547592
2007-06-02,-0.0840424969792366
2007-06-03,-0.1022462472319603
2007-06-04,-0.1202474981546402
2007-06-05,-0.1617099940776825
2007-06-06,-0.11222999542951584
2007-06-07,-0.062314994633197784
2007-06-08,0.029332496225833893
2007-06-09,0.06628499925136566
2007-06-10,0.09965874254703522
2007-06-11,0.1410762518644333
2007-06-12,0.21983249485492706
2007-06-13,0.29091376066207886
2007-06-14,0.2971250116825104
2007-06-15,0.26572126150131226
2007-06-16,0.2216387391090393
2007-06-17,0.16212250292301178
2007-06-18,0.07884249836206436
2007-06-19,0.04470124840736389
2007-06-20,0.048100005835294724
2007-06-21,0.09029624611139297
2007-06-22,0.10034249722957611
2007-06-23,0.11784125864505768
2007-06-24,0.06308000534772873
2007-06-25,0.022081252187490463
2007-06-26,-6.750487955287099e-05
2007-06-27,-0.007229987997561693
2007-06-28,-0.08785249292850494
2007-06-29,-0.1099499985575676
2007-06-30,-0.12457998842000961
2007-07-01,-0.21628497540950775
2007-07-02,-0.30990874767303467
2007-07-03,-0.39176252484321594
2007-07-04,-0.47476497292518616
2007-07-05,-0.49723249673843384
2007-07-06,-0.39075496792793274
2007-07-07,-0.32834500074386597
2007-07-08,-0.30450624227523804
2007-07-09,-0.34637248516082764
2007-07-10,-0.44479748606681824
2007-07-11,-0.48838624358177185
2007-07-12,-0.45628249645233154
2007-07-13,-0.3435312509536743
2007-07-14,-0.2723487615585327
2007-07-15,-0.17565499246120453
2007-07-16,-0.08451750129461288
2007-07-17,-0.07007750123739243
2007-07-18,-0.0879024937748909
2007-07-19,-0.07822500914335251
2007-07-20,-0.06491749733686447
2007-07-21,-0.08454625308513641
2007-07-22,-0.10651499778032303
2007-07-23,-0.08336999267339706
2007-07-24,-0.1285324990749359
2007-07-25,-0.19145624339580536
2007-07-26,-0.24953624606132507
2007-07-27,-0.36014872789382935
2007-07-28,-0.40450623631477356
2007-07-29,-0.43084749579429626
2007-07-30,-0.42732372879981995
2007-07-31,-0.46464625000953674
2007-08-01,-0.5345749855041504
2007-08-02,-0.49717000126838684
2007-08-03,-0.3741849958896637
2007-08-04,-0.31964123249053955
2007-08-05,-0.4107775092124939
2007-08-06,-0.48803624510765076
2007-08-07,-0.5510262250900269
2007-08-08,-0.5935437083244324
2007-08-09,-0.5496712923049927
2007-08-10,-0.45040246844291687
2007-08-11,-0.3982212543487549
2007-08-12,-0.3799724876880646
2007-08-13,-0.3780450224876404
2007-08-14,-0.417169988155365
2007-08-15,-0.410970002412796
2007-08-16,-0.44270747900009155
2007-08-17,-0.45979493856430054
2007-08-18,-0.48477378487586975
2007-08-19,-0.48109251260757446
2007-08-20,-0.483754962682724
2007-08-21,-0.5586524605751038
2007-08-22,-0.6139262914657593
2007-08-23,-0.6224074959754944
2007-08-24,-0.6074925065040588
2007-08-25,-0.6198074817657471
2007-08-26,-0.6558550000190735
2007-08-27,-0.692213773727417
2007-08-28,-0.6809712052345276
2007-08-29,-0.6170549988746643
2007-08-30,-0.6407800316810608
2007-08-31,-0.6694949865341187
2007-09-01,-0.7097700238227844
2007-09-02,-0.7675987482070923
2007-09-03,-0.7877049446105957
2007-09-04,-0.7280012369155884
2007-09-05,-0.6888037323951721
2007-09-06,-0.6616024971008301
2007-09-07,-0.7302724719047546
2007-09-08,-0.7988399863243103
2007-09-09,-0.7914525270462036
2007-09-10,-0.8174550533294678
2007-09-11,-0.8342562317848206
2007-09-12,-0.7971324324607849
2007-09-13,-0.7022274732589722
2007-09-14,-0.6385613083839417
2007-09-15,-0.6006762981414795
2007-09-16,-0.6064900159835815
2007-09-17,-0.627655029296875
2007-09-18,-0.6472200155258179
2007-09-19,-0.7318287491798401
2007-09-20,-0.8237937092781067
2007-09-21,-0.9262312054634094
2007-09-22,-0.9981412291526794
2007-09-23,-1.0064462423324585
2007-09-24,-1.0052387714385986
2007-09-25,-0.9913149476051331
2007-09-26,-1.053281307220459
2007-09-27,-1.1664223670959473
2007-09-28,-1.241089940071106
2007-09-29,-1.2732611894607544
2007-09-30,-1.34761381149292
2007-10-01,-1.3471250534057617
2007-10-02,-1.3728961944580078
2007-10-03,-1.4162087440490723
2007-10-04,-1.4648661613464355
2007-10-05,-1.4798762798309326
2007-10-06,-1.4691799879074097
2007-10-07,-1.4174699783325195
2007-10-08,-1.3693100214004517
2007-10-09,-1.265146255493164
2007-10-10,-1.2137149572372437
2007-10-11,-1.21343994140625
2007-10-12,-1.2412949800491333
2007-10-13,-1.2568000555038452
2007-10-14,-1.251094937324524
2007-10-15,-1.237033724784851
2007-10-16,-1.1556425094604492
2007-10-17,-1.0375324487686157
2007-10-18,-0.9593874216079712
2007-10-19,-0.9134599566459656
2007-10-20,-0.9018163084983826
2007-10-21,-0.8662737607955933
2007-10-22,-0.8293237090110779
2007-10-23,-0.8187249898910522
2007-10-24,-0.7983337640762329
2007-10-25,-0.8252924680709839
2007-10-26,-0.9031686782836914
2007-10-27,-0.9685662984848022
2007-10-28,-1.0160374641418457
2007-10-29,-0.993614912033081
2007-10-30,-0.9553875923156738
2007-10-31,-0.9879049062728882
2007-11-01,-1.0607937574386597
2007-11-02,-1.1117463111877441
2007-11-03,-1.1700961589813232
2007-11-04,-1.2634323835372925
2007-11-05,-1.357814908027649
2007-11-06,-1.3494174480438232
2007-11-07,-1.322696328163147
2007-11-08,-1.2740061283111572
2007-11-09,-1.2453962564468384
2007-11-10,-1.2176823616027832
2007-11-11,-1.1612887382507324
2007-11-12,-1.1922675371170044
2007-11-13,-1.2401386499404907
2007-11-14,-1.2847249507904053
2007-11-15,-1.2959873676300049
2007-11-16,-1.3645812273025513
2007-11-17,-1.4150474071502686
2007-11-18,-1.4285837411880493
2007-11-19,-1.3750112056732178
2007-11-20,-1.2919211387634277
2007-11-21,-1.2218337059020996
2007-11-22,-1.1943224668502808
2007-11-23,-1.1509912014007568
2007-11-24,-1.102715015411377
2007-11-25,-1.1106711626052856
2007-11-26,-1.139604926109314
2007-11-27,-1.1900861263275146
2007-11-28,-1.2151561975479126
2007-11-29,-1.1751638650894165
2007-11-30,-1.1351137161254883
2007-12-01,-1.0719974040985107
2007-12-02,-1.0622812509536743
2007-12-03,-1.0425162315368652
2007-12-04,-1.054397463798523
2007-12-05,-1.0688462257385254
2007-12-06,-1.030271291732788
2007-12-07,-1.0771312713623047
2007-12-08,-1.1262363195419312
2007-12-09,-1.1614724397659302
2007-12-10,-1.2086074352264404
2007-12-11,-1.2679075002670288
2007-12-12,-1.3088148832321167
2007-12-13,-1.2677873373031616
2007-12-14,-1.1926237344741821
2007-12-15,-1.1214749813079834
2007-12-16,-1.1206250190734863
2007-12-17,-1.1583799123764038
2007-12-18,-1.1367698907852173
2007-12-19,-1.1693849563598633
2007-12-20,-1.1533311605453491
2007-12-21,-1.1013611555099487
2007-12-22,-1.0057599544525146
2007-12-23,-0.944034993648529
2007-12-24,-0.9443549513816833
2007-12-25,-0.9389349222183228
2007-12-26,-0.9625799655914307
2007-12-27,-1.040122389793396
2007-12-28,-1.1857388019561768
2007-12-29,-1.2930136919021606
2007-12-30,-1.3556536436080933
2007-12-31,-1.3969086408615112
2008-01-01,-1.4900950193405151
2008-01-02,-1.6302212476730347
2008-01-03,-1.7235636711120605
2008-01-04,-1.8037587404251099
2008-01-05,-1.8204387426376343
2008-01-06,-1.7701835632324219
2008-01-07,-1.7485800981521606
2008-01-08,-1.7554724216461182
2008-01-09,-1.8178461790084839
2008-01-10,-1.9106436967849731
2008-01-11,-1.9983837604522705
2008-01-12,-2.024306058883667
2008-01-13,-1.9440287351608276
2008-01-14,-1.8796237707138062
2008-01-15,-1.8438836336135864
2008-01-16,-1.8016562461853027
2008-01-17,-1.771554946899414
2008-01-18,-1.7735811471939087
2008-01-19,-1.6869875192642212
2008-01-20,-1.6644086837768555
2008-01-21,-1.6203373670578003
2008-01-22,-1.6197824478149414
2008-01-23,-1.5974762439727783
2008-01-24,-1.5387587547302246
2008-01-25,-1.4132800102233887
2008-01-26,-1.3394948244094849
2008-01-27,-1.3568336963653564
2008-01-28,-1.3879749774932861
2008-01-29,-1.4030237197875977
2008-01-30,-1.348947525024414
2008-01-31,-1.3255337476730347
2008-02-01,-1.3303998708724976
2008-02-02,-1.3110424280166626
2008-02-03,-1.3458799123764038
2008-02-04,-1.3878061771392822
2008-02-05,-1.4804174900054932
2008-02-06,-1.5434824228286743
2008-02-07,-1.686484932899475
2008-02-08,-1.7832748889923096
2008-02-09,-1.8616799116134644
2008-02-10,-1.9356374740600586
2008-02-11,-1.9861687421798706
2008-02-12,-1.9760463237762451
2008-02-13,-1.9428737163543701
2008-02-14,-1.8987523317337036
2008-02-15,-1.8289836645126343
2008-02-16,-1.7940549850463867
2008-02-17,-1.735954999923706
2008-02-18,-1.6245036125183105
2008-02-19,-1.6003224849700928
2008-02-20,-1.5670374631881714
2008-02-21,-1.5294311046600342
2008-02-22,-1.4227224588394165
2008-02-23,-1.3974274396896362
2008-02-24,-1.4682199954986572
2008-02-25,-1.5171661376953125
2008-02-26,-1.4865024089813232
2008-02-27,-1.4165250062942505
2008-02-28,-1.3265175819396973
2008-02-29,-1.1940062046051025
2008-03-01,-1.1271388530731201
2008-03-02,-1.073971152305603
2008-03-03,-1.0031987428665161
2008-03-04,-0.9863600134849548
2008-03-05,-0.9846312403678894
2008-03-06,-1.0288561582565308
2008-03-07,-1.016795039176941
2008-03-08,-0.9842724800109863
2008-03-09,-0.9279874563217163
2008-03-10,-0.8611474633216858
2008-03-11,-0.8177437782287598
2008-03-12,-0.8199462294578552
2008-03-13,-0.8491374254226685
2008-03-14,-0.897621214389801
2008-03-15,-0.8962862491607666
2008-03-16,-0.8972412347793579
2008-03-17,-0.9202512502670288
2008-03-18,-0.9305225014686584
2008-03-19,-0.9187174439430237
2008-03-20,-0.9134487509727478
2008-03-21,-0.9043349623680115
2008-03-22,-0.9183087348937988
2008-03-23,-0.9401362538337708
2008-03-24,-0.9546300172805786
2008-03-25,-0.8870199918746948
2008-03-26,-0.8810024857521057
2008-03-27,-0.9359186887741089
2008-03-28,-0.8910174369812012
2008-03-29,-0.8544824719429016
2008-03-30,-0.8361949324607849
2008-03-31,-0.8481237888336182
2008-04-01,-0.8238375186920166
2008-04-02,-0.7984899878501892
2008-04-03,-0.7617224454879761
2008-04-04,-0.7766000032424927
2008-04-05,-0.8029037714004517
2008-04-06,-0.8443924784660339
2008-04-07,-0.8450312614440918
2008-04-08,-0.8107037544250488
2008-04-09,-0.7925412654876709
2008-04-10,-0.8095399737358093
2008-04-11,-0.7651574611663818
2008-04-12,-0.7865774631500244
2008-04-13,-0.8301762938499451
2008-04-14,-0.8459487557411194
2008-04-15,-0.879734992980957
2008-04-16,-0.8645312786102295
2008-04-17,-0.7594037652015686
2008-04-18,-0.7078974843025208
2008-04-19,-0.6652600169181824
2008-04-20,-0.7114124894142151
2008-04-21,-0.7166011929512024
2008-04-22,-0.6791161894798279
2008-04-23,-0.6374611854553223
2008-04-24,-0.618744969367981
2008-04-25,-0.6412774920463562
2008-04-26,-0.5809962153434753
2008-04-27,-0.5073212385177612
2008-04-28,-0.43131622672080994
2008-04-29,-0.37452995777130127
2008-04-30,-0.4042837619781494
2008-05-01,-0.4434937536716461
2008-05-02,-0.43489620089530945
2008-05-03,-0.4563174843788147
2008-05-04,-0.5696874856948853
2008-05-05,-0.7071799039840698
2008-05-06,-0.7392024993896484
2008-05-07,-0.7435925006866455
2008-05-08,-0.7421886920928955
2008-05-09,-0.7560712099075317
2008-05-10,-0.7822062373161316
2008-05-11,-0.813846230506897
2008-05-12,-0.7715362310409546
2008-05-13,-0.7216849327087402
2008-05-14,-0.6882137656211853
2008-05-15,-0.6689862012863159
2008-05-16,-0.6517637968063354
2008-05-17,-0.6179049611091614
2008-05-18,-0.5832887291908264
2008-05-19,-0.5541637539863586
2008-05-20,-0.484443724155426
2008-05-21,-0.38438501954078674
2008-05-22,-0.3093712031841278
2008-05-23,-0.3642762303352356
2008-05-24,-0.4347437620162964
2008-05-25,-0.48795121908187866
2008-05-26,-0.489935040473938
2008-05-27,-0.4395875036716461
2008-05-28,-0.44008874893188477
2008-05-29,-0.48706376552581787
2008-05-30,-0.514442503452301
2008-05-31,-0.5208849906921387
2008-06-01,-0.4425800144672394
2008-06-02,-0.40708625316619873
2008-06-03,-0.41972121596336365
2008-06-04,-0.45070624351501465
2008-06-05,-0.4418887197971344
2008-06-06,-0.4286837577819824
2008-06-07,-0.4529937207698822
2008-06-08,-0.5362850427627563
2008-06-09,-0.5997587442398071
2008-06-10,-0.6482524871826172
2008-06-11,-0.5863374471664429
2008-06-12,-0.5577199459075928
2008-06-13,-0.5359449982643127
2008-06-14,-0.5608375072479248
2008-06-15,-0.6519774794578552
2008-06-16,-0.6368400454521179
2008-06-17,-0.5687299966812134
2008-06-18,-0.5151025056838989
2008-06-19,-0.47996625304222107
2008-06-20,-0.43045374751091003
2008-06-21,-0.46380749344825745
2008-06-22,-0.514229953289032
2008-06-23,-0.43758124113082886
2008-06-24,-0.38551872968673706
2008-06-25,-0.35513126850128174
2008-06-26,-0.3150649964809418
2008-06-27,-0.27708375453948975
2008-06-28,-0.24214749038219452
2008-06-29,-0.20695750415325165
2008-06-30,-0.21626873314380646
2008-07-01,-0.18424248695373535
2008-07-02,-0.12456375360488892
2008-07-03,-0.0928725004196167
2008-07-04,-0.10293249785900116
2008-07-05,-0.10177875310182571
2008-07-06,-0.06592749804258347
2008-07-07,-0.08081749081611633
2008-07-08,-0.09890499711036682
2008-07-09,-0.07986500859260559
2008-07-10,-0.0791262537240982
2008-07-11,-0.08361124992370605
2008-07-12,-0.05235374718904495
2008-07-13,-0.03558499738574028
2008-07-14,-0.04083874821662903
2008-07-15,-0.06390249729156494
2008-07-16,-0.13089248538017273
2008-07-17,-0.16904625296592712
2008-07-18,-0.20300623774528503
2008-07-19,-0.23131874203681946
2008-07-20,-0.21694372594356537
2008-07-21,-0.2136012464761734
2008-07-22,-0.2135787308216095
2008-07-23,-0.205082505941391
2008-07-24,-0.13876497745513916
2008-07-25,-0.11022750288248062
2008-07-26,-0.08621875196695328
2008-07-27,-0.04888750612735748
2008-07-28,-0.022411249577999115
2008-07-29,-0.02281625010073185
2008-07-30,-0.006318752188235521
2008-07-31,0.005448749754577875
2008-08-01,0.0633625015616417
2008-08-02,0.0702499970793724
2008-08-03,0.07916874438524246
2008-08-04,0.06251374632120132
2008-08-05,0.0732787474989891
2008-08-06,0.13999374210834503
2008-08-07,0.16650372743606567
2008-08-08,0.21859875321388245
2008-08-09,0.2831449806690216
2008-08-10,0.28925621509552
2008-08-11,0.2665324807167053
2008-08-12,0.1583624929189682
2008-08-13,0.09193624556064606
2008-08-14,0.05268874764442444
2008-08-15,0.031495001167058945
2008-08-16,-0.03740875422954559
2008-08-17,-0.11062748730182648
2008-08-18,-0.14557623863220215
2008-08-19,-0.1311737447977066
2008-08-20,-0.10866749286651611
2008-08-21,-0.043816253542900085
2008-08-22,0.014254999347031116
2008-08-23,-0.022169997915625572
2008-08-24,-0.08329374343156815
2008-08-25,-0.10325749963521957
2008-08-26,-0.10836999863386154
2008-08-27,-0.11222624033689499
2008-08-28,-0.14968499541282654
2008-08-29,-0.1536262333393097
2008-08-30,-0.0912412479519844
2008-08-31,-0.09043499827384949
2008-09-01,-0.11994248628616333
2008-09-02,-0.08924875408411026
2008-09-03,-0.0764712542295456
2008-09-04,-0.0915987491607666
2008-09-05,-0.08583999425172806
2008-09-06,-0.0710887536406517
2008-09-07,-0.08937875181436539
2008-09-08,-0.033627498894929886
2008-09-09,-0.0504937507212162
2008-09-10,-0.10336124151945114
2008-09-11,-0.1156499907374382
2008-09-12,-0.052037499845027924
2008-09-13,-0.003904998768121004
2008-09-14,-0.002728750230744481
2008-09-15,0.022728748619556427
2008-09-16,-0.017088748514652252
2008-09-17,-0.09160125255584717
2008-09-18,-0.1568937450647354
2008-09-19,-0.23352377116680145
2008-09-20,-0.23249749839305878
2008-09-21,-0.2385624647140503
2008-09-22,-0.29165247082710266
2008-09-23,-0.3731062412261963
2008-09-24,-0.4635624885559082
2008-09-25,-0.5200949907302856
2008-09-26,-0.5346274375915527
2008-09-27,-0.5181324481964111
2008-09-28,-0.5078874826431274
2008-09-29,-0.5110262036323547
2008-09-30,-0.48175251483917236
2008-10-01,-0.4655199646949768
2008-10-02,-0.45948871970176697
2008-10-03,-0.3842724859714508
2008-10-04,-0.29801252484321594
2008-10-05,-0.24344874918460846
2008-10-06,-0.20607250928878784
2008-10-07,-0.1819237321615219
2008-10-08,-0.17608875036239624
2008-10-09,-0.11928749829530716
2008-10-10,-0.13348500430583954
2008-10-11,-0.15401874482631683
2008-10-12,-0.12465625256299973
2008-10-13,-0.0825125053524971
2008-10-14,-0.03411875292658806
2008-10-15,0.0011737480526790023
2008-10-16,-0.03272875398397446
2008-10-17,-0.13738374412059784
2008-10-18,-0.1885024905204773
2008-10-19,-0.18891000747680664
2008-10-20,-0.17425374686717987
2008-10-21,-0.0914512500166893
2008-10-22,0.010963747277855873
2008-10-23,0.030986247584223747
2008-10-24,0.004909999668598175
2008-10-25,0.03027375228703022
2008-10-26,0.07065623998641968
2008-10-27,0.057465001940727234
2008-10-28,0.038802504539489746
2008-10-29,0.08533624559640884
2008-10-30,0.14357750117778778
2008-10-31,0.20056499540805817
2008-11-01,0.16547876596450806
2008-11-02,0.1245499849319458
2008-11-03,0.11512249708175659
2008-11-04,0.1254512518644333
2008-11-05,0.15234500169754028
2008-11-06,0.12364251166582108
2008-11-07,0.07588625699281693
2008-11-08,0.07252499461174011
2008-11-09,0.07431375235319138
2008-11-10,0.06250999122858047
2008-11-11,-0.0010350036900490522
2008-11-12,-0.04035624861717224
2008-11-13,-0.043765000998973846
2008-11-14,-0.018935006111860275
2008-11-15,0.014451248571276665
2008-11-16,0.049738749861717224
2008-11-17,-0.019818749278783798
2008-11-18,-0.10730874538421631
2008-11-19,-0.19381998479366302
2008-11-20,-0.2911199927330017
2008-11-21,-0.35404497385025024
2008-11-22,-0.36969250440597534
2008-11-23,-0.37250250577926636
2008-11-24,-0.42132121324539185
2008-11-25,-0.47091248631477356
2008-11-26,-0.5231849551200867
2008-11-27,-0.4751037359237671
2008-11-28,-0.390562504529953
2008-11-29,-0.4058312475681305
2008-11-30,-0.4515250027179718
2008-12-01,-0.4595562517642975
2008-12-02,-0.4225049912929535
2008-12-03,-0.4256262183189392
2008-12-04,-0.5033712387084961
2008-12-05,-0.5003687143325806
2008-12-06,-0.5286650657653809
2008-12-07,-0.5833237171173096
2008-12-08,-0.707819938659668
2008-12-09,-0.7456637024879456
2008-12-10,-0.692319929599762
2008-12-11,-0.6831061840057373
2008-12-12,-0.6325399875640869
2008-12-13,-0.6337525248527527
2008-12-14,-0.6490336656570435
2008-12-15,-0.7636624574661255
2008-12-16,-0.8129787445068359
2008-12-17,-0.7701587080955505
2008-12-18,-0.7228174805641174
2008-12-19,-0.764674961566925
2008-12-20,-0.7943112254142761
2008-12-21,-0.8485062122344971
2008-12-22,-0.9046350121498108
2008-12-23,-0.8905274868011475
2008-12-24,-0.8827462196350098
2008-12-25,-0.927032470703125
2008-12-26,-0.9842349886894226
2008-12-27,-1.0365487337112427
2008-12-28,-1.0726224184036255
2008-12-29,-1.0524325370788574
2008-12-30,-1.0440300703048706
2008-12-31,-1.049244999885559
2009-01-01,-1.0812748670578003
2009-01-02,-1.0450799465179443
2009-01-03,-0.9845749735832214
2009-01-04,-0.9432737231254578
2009-01-05,-0.8953762054443359
2009-01-06,-0.8791475296020508
2009-01-07,-0.91548752784729
2009-01-08,-0.9515236616134644
2009-01-09,-1.0380300283432007
2009-01-10,-1.118706226348877
2009-01-11,-1.1168336868286133
2009-01-12,-1.0992549657821655
2009-01-13,-1.0333762168884277
2009-01-14,-1.0158624649047852
2009-01-15,-0.8750975131988525
2009-01-16,-0.8011624813079834
2009-01-17,-0.7886924147605896
2009-01-18,-0.7099824547767639
2009-01-19,-0.6676287055015564
2009-01-20,-0.6547999978065491
2009-01-21,-0.6259974837303162
2009-01-22,-0.5899024605751038
2009-01-23,-0.6317412257194519
2009-01-24,-0.6882999539375305
2009-01-25,-0.7424687743186951
2009-01-26,-0.7761049866676331
2009-01-27,-0.7919699549674988
2009-01-28,-0.8314587473869324
2009-01-29,-0.8460299968719482
2009-01-30,-0.8678387403488159
2009-01-31,-0.8615999817848206
2009-02-01,-0.8624874353408813
2009-02-02,-0.8955336809158325
2009-02-03,-0.8997024893760681
2009-02-04,-0.8795312643051147
2009-02-05,-0.8801875114440918
2009-02-06,-0.972885012626648
2009-02-07,-1.05757737159729
2009-02-08,-1.0836374759674072
2009-02-09,-1.0183162689208984
2009-02-10,-0.8704687356948853
2009-02-11,-0.7221049666404724
2009-02-12,-0.6394274830818176
2009-02-13,-0.5991512537002563
2009-02-14,-0.5729449987411499
2009-02-15,-0.5521437525749207
2009-02-16,-0.5298036932945251
2009-02-17,-0.5024912357330322
2009-02-18,-0.5089550018310547
2009-02-19,-0.4846062660217285
2009-02-20,-0.443676233291626
2009-02-21,-0.4026399850845337
2009-02-22,-0.38349124789237976
2009-02-23,-0.38458749651908875
2009-02-24,-0.3903450071811676
2009-02-25,-0.4350925087928772
2009-02-26,-0.4876500070095062
2009-02-27,-0.5527474284172058
2009-02-28,-0.6046062111854553
2009-03-01,-0.6525149941444397
2009-03-02,-0.7100625038146973
2009-03-03,-0.7518287301063538
2009-03-04,-0.7931475043296814
2009-03-05,-0.8365537524223328
2009-03-06,-0.8171061873435974
2009-03-07,-0.8070699572563171
2009-03-08,-0.8208287358283997
2009-03-09,-0.8278287649154663
2009-03-10,-0.8217563033103943
2009-03-11,-0.7614175081253052
2009-03-12,-0.6943824291229248
2009-03-13,-0.6058124899864197
2009-03-14,-0.5625799894332886
2009-03-15,-0.5759037733078003
2009-03-16,-0.6047787666320801
2009-03-17,-0.6412937045097351
2009-03-18,-0.6823124885559082
2009-03-19,-0.7383937835693359
2009-03-20,-0.8139911890029907
2009-03-21,-0.836532473564148
2009-03-22,-0.7865749597549438
2009-03-23,-0.6311224102973938
2009-03-24,-0.5403875112533569
2009-03-25,-0.4398287236690521
2009-03-26,-0.3686574697494507
2009-03-27,-0.3224324882030487
2009-03-28,-0.2217162549495697
2009-03-29,-0.182157501578331
2009-03-30,-0.17616374790668488
2009-03-31,-0.1992650032043457
2009-04-01,-0.2531149983406067
2009-04-02,-0.2606412470340729
2009-04-03,-0.2363099902868271
2009-04-04,-0.18095998466014862
2009-04-05,-0.13519874215126038
2009-04-06,0.0033300055656582117
2009-04-07,0.08097999542951584
2009-04-08,0.08112373948097229
2009-04-09,0.022532494738698006
2009-04-10,-0.02484000101685524
2009-04-11,0.02671874687075615
2009-04-12,0.05978874862194061
2009-04-13,0.08828625082969666
2009-04-14,0.058904994279146194
2009-04-15,0.03917750343680382
2009-04-16,0.046914998441934586
2009-04-17,0.052518751472234726
2009-04-18,0.005826248321682215
2009-04-19,-0.01943874917924404
2009-04-20,0.0067599983885884285
2009-04-21,0.038196247071027756
2009-04-22,-0.0091850021854043
2009-04-23,-0.07241125404834747
2009-04-24,-0.10753749310970306
2009-04-25,-0.14795374870300293
2009-04-26,-0.1512024849653244
2009-04-27,-0.08770124614238739
2009-04-28,0.02285750024020672
2009-04-29,0.06252874433994293
2009-04-30,0.11563750356435776
2009-05-01,0.0997762456536293
2009-05-02,0.05735250562429428
2009-05-03,0.057467494159936905
2009-05-04,0.06384749710559845
2009-05-05,0.056197505444288254
2009-05-06,0.035214997828006744
2009-05-07,0.02368999645113945
2009-05-08,0.018476249650120735
2009-05-09,0.08199124038219452
2009-05-10,0.07289250195026398
2009-05-11,0.10909373313188553
2009-05-12,0.16606250405311584
2009-05-13,0.3588699996471405
2009-05-14,0.3951149880886078
2009-05-15,0.3388175070285797
2009-05-16,0.34017622470855713
2009-05-17,0.448396235704422
2009-05-18,0.47155246138572693
2009-05-19,0.46798497438430786
2009-05-20,0.483787477016449
2009-05-21,0.5127736926078796
2009-05-22,0.5314061641693115
2009-05-23,0.5418412089347839
2009-05-24,0.5232387781143188
2009-05-25,0.5289124846458435
2009-05-26,0.5586749315261841
2009-05-27,0.6399487257003784
2009-05-28,0.5902324914932251
2009-05-29,0.5188349485397339
2009-05-30,0.3581337332725525
2009-05-31,0.18896999955177307
2009-06-01,0.10699374228715897
2009-06-02,0.1353674978017807
2009-06-03,0.2934887409210205
2009-06-04,0.3963087499141693
2009-06-05,0.399539977312088
2009-06-06,0.36136123538017273
2009-06-07,0.3153325021266937
2009-06-08,0.2642287611961365
2009-06-09,0.2858862280845642
2009-06-10,0.34675124287605286
2009-06-11,0.4595700204372406
2009-06-12,0.5958349704742432
2009-06-13,0.7096324563026428
2009-06-14,0.7105737328529358
2009-06-15,0.68982994556427
2009-06-16,0.6795949935913086
2009-06-17,0.6897512078285217
2009-06-18,0.7678924798965454
2009-06-19,0.8924537301063538
2009-06-20,0.942368745803833
2009-06-21,0.8970887660980225
2009-06-22,0.8125987648963928
2009-06-23,0.8055899739265442
2009-06-24,0.908203661441803
2009-06-25,0.921693742275238
2009-06-26,0.8305312395095825
2009-06-27,0.8099024891853333
2009-06-28,0.8139075040817261
2009-06-29,0.8983250260353088
2009-06-30,0.894137442111969
2009-07-01,0.8520812392234802
2009-07-02,0.8226849436759949
2009-07-03,0.8382624983787537
2009-07-04,0.7898062467575073
2009-07-05,0.7672587633132935
2009-07-06,0.7398824691772461
2009-07-07,0.8279074430465698
2009-07-08,0.8863874673843384
2009-07-09,0.8538462519645691
2009-07-10,0.763958752155304
2009-07-11,0.6493561863899231
2009-07-12,0.5970099568367004
2009-07-13,0.5145787596702576
2009-07-14,0.47662869095802307
2009-07-15,0.45337873697280884
2009-07-16,0.5099587440490723
2009-07-17,0.6001150012016296
2009-07-18,0.6588000059127808
2009-07-19,0.7304937839508057
2009-07-20,0.7585750222206116
2009-07-21,0.7102587223052979
2009-07-22,0.715749979019165
2009-07-23,0.7204612493515015
2009-07-24,0.7264837622642517
2009-07-25,0.6899087429046631
2009-07-26,0.7264737486839294
2009-07-27,0.6935012340545654
2009-07-28,0.676513671875
2009-07-29,0.6780499219894409
2009-07-30,0.6892724633216858
2009-07-31,0.6747137308120728
2009-08-01,0.7229174971580505
2009-08-02,0.7492712140083313
2009-08-03,0.7764575481414795
2009-08-04,0.7565862536430359
2009-08-05,0.7501500248908997
2009-08-06,0.7582924962043762
2009-08-07,0.699662446975708
2009-08-08,0.6501762866973877
2009-08-09,0.674982488155365
2009-08-10,0.7615912556648254
2009-08-11,0.802407443523407
2009-08-12,0.8463249802589417
2009-08-13,0.8594762086868286
2009-08-14,0.8651261925697327
2009-08-15,0.8907199501991272
2009-08-16,0.898661196231842
2009-08-17,0.8742074966430664
2009-08-18,0.8324649930000305
2009-08-19,0.8135762810707092
2009-08-20,0.7910512685775757
2009-08-21,0.7569411993026733
2009-08-22,0.7350749373435974
2009-08-23,0.7434099912643433
2009-08-24,0.7507650256156921
2009-08-25,0.7820274829864502
2009-08-26,0.8298737406730652
2009-08-27,0.8831737041473389
2009-08-28,0.8774537444114685
2009-08-29,0.8394324779510498
2009-08-30,0.7643487453460693
2009-08-31,0.7203462719917297
2009-09-01,0.7151774764060974
2009-09-02,0.7649050354957581
2009-09-03,0.8280674815177917
2009-09-04,0.8055474758148193
2009-09-05,0.7752524614334106
2009-09-06,0.7649049758911133
2009-09-07,0.739636242389679
2009-09-08,0.7735186815261841
2009-09-09,0.8905724883079529
2009-09-10,0.9359436631202698
2009-09-11,0.8806387186050415
2009-09-12,0.8305787444114685
2009-09-13,0.737529993057251
2009-09-14,0.7066324949264526
2009-09-15,0.7651162147521973
2009-09-16,0.8371775150299072
2009-09-17,0.8481824994087219
2009-09-18,0.8421137928962708
2009-09-19,0.8438137769699097
2009-09-20,0.839382529258728
2009-09-21,0.8151312470436096
2009-09-22,0.8236637115478516
2009-09-23,0.8447974920272827
2009-09-24,0.8445837497711182
2009-09-25,0.7888474464416504
2009-09-26,0.7389187812805176
2009-09-27,0.6643900275230408
2009-09-28,0.6016599535942078
2009-09-29,0.5839537382125854
2009-09-30,0.5579875111579895
2009-10-01,0.5345475077629089
2009-10-02,0.5800337791442871
2009-10-03,0.6514837741851807
2009-10-04,0.705489993095398
2009-10-05,0.7394062280654907
2009-10-06,0.7492462396621704
2009-10-07,0.7428849339485168
2009-10-08,0.7393162250518799
2009-10-09,0.7139787673950195
2009-10-10,0.6863900423049927
2009-10-11,0.6727949976921082
2009-10-12,0.6755212545394897
2009-10-13,0.759227454662323
2009-10-14,0.8100350499153137
2009-10-15,0.8479337096214294
2009-10-16,0.9658861756324768
2009-10-17,1.0885287523269653
2009-10-18,1.0936474800109863
2009-10-19,1.1153349876403809
2009-10-20,1.0816612243652344
2009-10-21,1.0679124593734741
2009-10-22,1.152693748474121
2009-10-23,1.2610236406326294
2009-10-24,1.3837149143218994
2009-10-25,1.5189762115478516
2009-10-26,1.5758249759674072
2009-10-27,1.5780224800109863
2009-10-28,1.589787483215332
2009-10-29,1.5486137866973877
2009-10-30,1.5585062503814697
2009-10-31,1.614223599433899
2009-11-01,1.7230998277664185
2009-11-02,1.7537912130355835
2009-11-03,1.8154399394989014
2009-11-04,1.8498188257217407
2009-11-05,1.8524974584579468
2009-11-06,1.847391128540039
2009-11-07,1.7476524114608765
2009-11-08,1.5928425788879395
2009-11-09,1.4656912088394165
2009-11-10,1.4896448850631714
2009-11-11,1.5377999544143677
2009-11-12,1.5959749221801758
2009-11-13,1.6342674493789673
2009-11-14,1.7175087928771973
2009-11-15,1.7745698690414429
2009-11-16,1.7908799648284912
2009-11-17,1.758218765258789
2009-11-18,1.7110549211502075
2009-11-19,1.6727874279022217
2009-11-20,1.6568174362182617
2009-11-21,1.6700787544250488
2009-11-22,1.6195812225341797
2009-11-23,1.598312497138977
2009-11-24,1.6583924293518066
2009-11-25,1.7298786640167236
2009-11-26,1.65499746799469
2009-11-27,1.682666301727295
2009-11-28,1.76914381980896
2009-11-29,1.7814249992370605
2009-11-30,1.7321399450302124
2009-12-01,1.7368286848068237
2009-12-02,1.6849623918533325
2009-12-03,1.5959649085998535
2009-12-04,1.575510025024414
2009-12-05,1.7598813772201538
2009-12-06,1.8324936628341675
2009-12-07,1.8582249879837036
2009-12-08,1.8639451265335083
2009-12-09,1.8606411218643188
2009-12-10,1.72159743309021
2009-12-11,1.6572049856185913
2009-12-12,1.6174812316894531
2009-12-13,1.538849949836731
2009-12-14,1.5581073760986328
2009-12-15,1.6433974504470825
2009-12-16,1.5959912538528442
2009-12-17,1.5871613025665283
2009-12-18,1.7357412576675415
2009-12-19,2.0444412231445312
2009-12-20,2.1418535709381104
2009-12-21,2.121593713760376
2009-12-22,2.052417516708374
2009-12-23,1.9578399658203125
2009-12-24,1.9223073720932007
2009-12-25,1.9025686979293823
2009-12-26,1.8446238040924072
2009-12-27,1.854858636856079
2009-12-28,1.9592599868774414
2009-12-29,2.005951166152954
2009-12-30,1.9352436065673828
2009-12-31,1.8754286766052246
2010-01-01,1.7714263200759888
2010-01-02,1.7657512426376343
2010-01-03,1.7680785655975342
2010-01-04,1.7812362909317017
2010-01-05,1.8170099258422852
2010-01-06,1.8744900226593018
2010-01-07,1.8300925493240356
2010-01-08,1.7629811763763428
2010-01-09,1.7542985677719116
2010-01-10,1.7405160665512085
2010-01-11,1.7015413045883179
2010-01-12,1.6989799737930298
2010-01-13,1.7416162490844727
2010-01-14,1.76816987991333
2010-01-15,1.699393630027771
2010-01-16,1.6235474348068237
2010-01-17,1.5542149543762207
2010-01-18,1.4905400276184082
2010-01-19,1.416546106338501
2010-01-20,1.3821550607681274
2010-01-21,1.3671337366104126
2010-01-22,1.3055262565612793
2010-01-23,1.3096874952316284
2010-01-24,1.316866159439087
2010-01-25,1.2709975242614746
2010-01-26,1.2247250080108643
2010-01-27,1.1981762647628784
2010-01-28,1.144012451171875
2010-01-29,1.0793788433074951
2010-01-30,1.0509861707687378
2010-01-31,1.0524537563323975
2010-02-01,1.0238149166107178
2010-02-02,0.9848487377166748
2010-02-03,1.0004849433898926
2010-02-04,1.0247124433517456
2010-02-05,1.090521216392517
2010-02-06,1.082971215248108
2010-02-07,1.1193962097167969
2010-02-08,1.212977409362793
2010-02-09,1.246203899383545
2010-02-10,1.2619426250457764
2010-02-11,1.2492913007736206
2010-02-12,1.1969923973083496
2010-02-13,1.211826205253601
2010-02-14,1.2095999717712402
2010-02-15,1.1996736526489258
2010-02-16,1.1787787675857544
2010-02-17,1.156772494316101
2010-02-18,1.1928037405014038
2010-02-19,1.195407509803772
2010-02-20,1.2118487358093262
2010-02-21,1.265606164932251
2010-02-22,1.2384963035583496
2010-02-23,1.173993706703186
2010-02-24,1.1277323961257935
2010-02-25,1.0964962244033813
2010-02-26,1.1282588243484497
2010-02-27,1.1369924545288086
2010-02-28,1.1422375440597534
2010-03-01,1.2160749435424805
2010-03-02,1.2251574993133545
2010-03-03,1.2212162017822266
2010-03-04,1.1922749280929565
2010-03-05,1.1595836877822876
2010-03-06,1.1816699504852295
2010-03-07,1.2396186590194702
2010-03-08,1.3203299045562744
2010-03-09,1.3669512271881104
2010-03-10,1.3736299276351929
2010-03-11,1.4167062044143677
2010-03-12,1.408483624458313
2010-03-13,1.3898537158966064
2010-03-14,1.3366410732269287
2010-03-15,1.2970412969589233
2010-03-16,1.2510563135147095
2010-03-17,1.2149224281311035
2010-03-18,1.3244924545288086
2010-03-19,1.2775449752807617
2010-03-20,1.1684712171554565
2010-03-21,1.0437862873077393
2010-03-22,1.0124461650848389
2010-03-23,0.9917925000190735
2010-03-24,0.9664624929428101
2010-03-25,0.9440512657165527
2010-03-26,0.9375150203704834
2010-03-27,0.9563812017440796
2010-03-28,1.0643224716186523
2010-03-29,1.0503787994384766
2010-03-30,1.007928729057312
2010-03-31,0.9787538051605225
2010-04-01,0.9722136855125427
2010-04-02,0.9443898797035217
2010-04-03,0.944051206111908
2010-04-04,0.914138674736023
2010-04-05,0.8821262121200562
2010-04-06,0.8679412007331848
2010-04-07,0.8786112070083618
2010-04-08,0.8723486661911011
2010-04-09,0.9265150427818298
2010-04-10,1.0205587148666382
2010-04-11,0.9488374590873718
2010-04-12,0.8698850274085999
2010-04-13,0.7663737535476685
2010-04-14,0.7027686834335327
2010-04-15,0.7602837085723877
2010-04-16,0.7770923972129822
2010-04-17,0.6960424780845642
2010-04-18,0.6255362629890442
2010-04-19,0.578517496585846
2010-04-20,0.5874612331390381
2010-04-21,0.6030299663543701
2010-04-22,0.622979998588562
2010-04-23,0.6507912278175354
2010-04-24,0.6620075106620789
2010-04-25,0.6723212003707886
2010-04-26,0.6607974767684937
2010-04-27,0.650332510471344
2010-04-28,0.5181199908256531
2010-04-29,0.48500993847846985
2010-04-30,0.5010787844657898
2010-05-01,0.4988912045955658
2010-05-02,0.46270623803138733
2010-05-03,0.3336537480354309
2010-05-04,0.19761499762535095
2010-05-05,0.1025724932551384
2010-05-06,0.03562124818563461
2010-05-07,-0.003146253526210785
2010-05-08,-0.030654998496174812
2010-05-09,-0.11274999380111694
2010-05-10,-0.12897875905036926
2010-05-11,-0.15130622684955597
2010-05-12,-0.14942623674869537
2010-05-13,-0.15494121611118317
2010-05-14,-0.19291751086711884
2010-05-15,-0.1719912439584732
2010-05-16,-0.12643998861312866
2010-05-17,-0.03943873941898346
2010-05-18,-0.022747498005628586
2010-05-19,-0.06473251432180405
2010-05-20,-0.17748624086380005
2010-05-21,-0.31991246342658997
2010-05-22,-0.21839872002601624
2010-05-23,-0.11185623705387115
2010-05-24,-0.05941374972462654
2010-05-25,-0.034056246280670166
2010-05-26,0.001317497226409614
2010-05-27,-0.010911235585808754
2010-05-28,-0.010772502981126308
2010-05-29,0.05304750055074692
2010-05-30,0.12980499863624573
2010-05-31,0.08967750519514084
2010-06-01,-0.05324250087141991
2010-06-02,-0.22306625545024872
2010-06-03,-0.32339251041412354
2010-06-04,-0.32053375244140625
2010-06-05,-0.30379748344421387
2010-06-06,-0.29231372475624084
2010-06-07,-0.2935725152492523
2010-06-08,-0.27631375193595886
2010-06-09,-0.2765487730503082
2010-06-10,-0.271628737449646
2010-06-11,-0.3204687535762787
2010-06-12,-0.3820750117301941
2010-06-13,-0.4407637417316437
2010-06-14,-0.504752516746521
2010-06-15,-0.5325112342834473
2010-06-16,-0.5745537877082825
2010-06-17,-0.577287495136261
2010-06-18,-0.5081425309181213
2010-06-19,-0.4355287551879883
2010-06-20,-0.401693731546402
2010-06-21,-0.39264994859695435
2010-06-22,-0.443589985370636
2010-06-23,-0.5025212168693542
2010-06-24,-0.5176900029182434
2010-06-25,-0.5089937448501587
2010-06-26,-0.5091224908828735
2010-06-27,-0.4706612527370453
2010-06-28,-0.41179248690605164
2010-06-29,-0.40363001823425293
2010-06-30,-0.47085997462272644
2010-07-01,-0.5434237122535706
2010-07-02,-0.5768349766731262
2010-07-03,-0.6224799752235413
2010-07-04,-0.5710961818695068
2010-07-05,-0.5160999894142151
2010-07-06,-0.5343237519264221
2010-07-07,-0.5890337228775024
2010-07-08,-0.630329966545105
2010-07-09,-0.6403675079345703
2010-07-10,-0.6607750058174133
2010-07-11,-0.6091037392616272
2010-07-12,-0.5654687285423279
2010-07-13,-0.5692837238311768
2010-07-14,-0.5635799765586853
2010-07-15,-0.5393337607383728
2010-07-16,-0.5066112279891968
2010-07-17,-0.5536412596702576
2010-07-18,-0.585966169834137
2010-07-19,-0.6294625401496887
2010-07-20,-0.7227749824523926
2010-07-21,-0.8885937333106995
2010-07-22,-1.0349912643432617
2010-07-23,-1.129794955253601
2010-07-24,-1.2549324035644531
2010-07-25,-1.352676272392273
2010-07-26,-1.3637375831604004
2010-07-27,-1.266703724861145
2010-07-28,-1.2129062414169312
2010-07-29,-1.213346242904663
2010-07-30,-1.2547273635864258
2010-07-31,-1.2775862216949463
2010-08-01,-1.2788349390029907
2010-08-02,-1.2630736827850342
2010-08-03,-1.2813087701797485
2010-08-04,-1.2977874279022217
2010-08-05,-1.0720012187957764
2010-08-06,-0.9951500296592712
2010-08-07,-0.974176287651062
2010-08-08,-0.960026204586029
2010-08-09,-0.950651228427887
2010-08-10,-0.9936124086380005
2010-08-11,-1.0651524066925049
2010-08-12,-1.0838862657546997
2010-08-13,-1.10702383518219
2010-08-14,-1.1178587675094604
2010-08-15,-1.2139875888824463
2010-08-16,-1.2171523571014404
2010-08-17,-1.1492187976837158
2010-08-18,-1.1018974781036377
2010-08-19,-1.0739049911499023
2010-08-20,-1.0252562761306763
2010-08-21,-1.0250787734985352
2010-08-22,-1.056148648262024
2010-08-23,-1.1437888145446777
2010-08-24,-1.253267526626587
2010-08-25,-1.3196974992752075
2010-08-26,-1.3490300178527832
2010-08-27,-1.3878425359725952
2010-08-28,-1.3998461961746216
2010-08-29,-1.3748537302017212
2010-08-30,-1.3363850116729736
2010-08-31,-1.24930739402771
2010-09-01,-1.1896536350250244
2010-09-02,-1.1643762588500977
2010-09-03,-1.1711299419403076
2010-09-04,-1.1898800134658813
2010-09-05,-1.18818998336792
2010-09-06,-1.1632850170135498
2010-09-07,-1.2218787670135498
2010-09-08,-1.3172924518585205
2010-09-09,-1.3436412811279297
2010-09-10,-1.3525300025939941
2010-09-11,-1.2969411611557007
2010-09-12,-1.2436050176620483
2010-09-13,-1.1854249238967896
2010-09-14,-1.1932587623596191
2010-09-15,-1.2595725059509277
2010-09-16,-1.3314038515090942
2010-09-17,-1.3495725393295288
2010-09-18,-1.304496169090271
2010-09-19,-1.2532575130462646
2010-09-20,-1.2055187225341797
2010-09-21,-1.1711875200271606
2010-09-22,-1.1939737796783447
2010-09-23,-1.2466938495635986
2010-09-24,-1.292757511138916
2010-09-25,-1.3743999004364014
2010-09-26,-1.4521387815475464
2010-09-27,-1.5341049432754517
2010-09-28,-1.5995548963546753
2010-09-29,-1.6478350162506104
2010-09-30,-1.6619399785995483
2010-10-01,-1.6908550262451172
2010-10-02,-1.674146294593811
2010-10-03,-1.6564111709594727
2010-10-04,-1.617282509803772
2010-10-05,-1.6036924123764038
2010-10-06,-1.6448261737823486
2010-10-07,-1.687023639678955
2010-10-08,-1.7533949613571167
2010-10-09,-1.7754274606704712
2010-10-10,-1.7063161134719849
2010-10-11,-1.550573706626892
2010-10-12,-1.4187487363815308
2010-10-13,-1.269014835357666
2010-10-14,-1.2440675497055054
2010-10-15,-1.2334988117218018
2010-10-16,-1.2058073282241821
2010-10-17,-1.1844712495803833
2010-10-18,-1.15480375289917
2010-10-19,-1.138314962387085
2010-10-20,-1.075427532196045
2010-10-21,-1.036352515220642
2010-10-22,-1.0234249830245972
2010-10-23,-1.0485961437225342
2010-10-24,-1.055593729019165
2010-10-25,-1.1007412672042847
2010-10-26,-1.1038585901260376
2010-10-27,-1.048008680343628
2010-10-28,-1.0305187702178955
2010-10-29,-1.0702011585235596
2010-10-30,-1.1353899240493774
2010-10-31,-1.231141209602356
2010-11-01,-1.3028074502944946
2010-11-02,-1.3113237619400024
2010-11-03,-1.2636162042617798
2010-11-04,-1.1879498958587646
2010-11-05,-1.117957353591919
2010-11-06,-1.0988950729370117
2010-11-07,-1.1041911840438843
2010-11-08,-1.1136987209320068
2010-11-09,-1.0985486507415771
2010-11-10,-1.0525288581848145
2010-11-11,-1.0206400156021118
2010-11-12,-0.9637212157249451
2010-11-13,-1.0441737174987793
2010-11-14,-1.114691138267517
2010-11-15,-1.191828727722168
2010-11-16,-1.239548683166504
2010-11-17,-1.2790974378585815
2010-11-18,-1.3481336832046509
2010-11-19,-1.3997137546539307
2010-11-20,-1.4755637645721436
2010-11-21,-1.482833743095398
2010-11-22,-1.4123173952102661
2010-11-23,-1.3331387042999268
2010-11-24,-1.308306097984314
2010-11-25,-1.3167462348937988
2010-11-26,-1.2981061935424805
2010-11-27,-1.310211181640625
2010-11-28,-1.313621163368225
2010-11-29,-1.2490887641906738
2010-11-30,-1.178189992904663
2010-12-01,-1.0863850116729736
2010-12-02,-0.956086277961731
2010-12-03,-0.8592912554740906
2010-12-04,-0.8528437614440918
2010-12-05,-0.8642550110816956
2010-12-06,-0.8485899567604065
2010-12-07,-0.9080824851989746
2010-12-08,-0.999153733253479
2010-12-09,-1.0505837202072144
2010-12-10,-1.0547336339950562
2010-12-11,-1.0108774900436401
2010-12-12,-0.9912086725234985
2010-12-13,-1.0015599727630615
2010-12-14,-1.0579787492752075
2010-12-15,-1.1164761781692505
2010-12-16,-1.1858762502670288
2010-12-17,-1.2195488214492798
2010-12-18,-1.2320761680603027
2010-12-19,-1.2274612188339233
2010-12-20,-1.1924363374710083
2010-12-21,-1.1570513248443604
2010-12-22,-1.2623337507247925
2010-12-23,-1.2938225269317627
2010-12-24,-1.306434988975525
2010-12-25,-1.3090424537658691
2010-12-26,-1.3379474878311157
2010-12-27,-1.3528149127960205
2010-12-28,-1.3340036869049072
2010-12-29,-1.3104323148727417
2010-12-30,-1.3145298957824707
2010-12-31,-1.3255349397659302
2011-01-01,-1.334132432937622
2011-01-02,-1.3620749711990356
2011-01-03,-1.3465937376022339
2011-01-04,-1.2866911888122559
2011-01-05,-1.271472454071045
2011-01-06,-1.305381178855896
2011-01-07,-1.4062788486480713
2011-01-08,-1.513796091079712
2011-01-09,-1.6042449474334717
2011-01-10,-1.6915899515151978
2011-01-11,-1.74468994140625
2011-01-12,-1.8059799671173096
2011-01-13,-1.7931400537490845
2011-01-14,-1.7999475002288818
2011-01-15,-1.7909499406814575
2011-01-16,-1.744326114654541
2011-01-17,-1.6762062311172485
2011-01-18,-1.6392136812210083
2011-01-19,-1.6040949821472168
2011-01-20,-1.5647175312042236
2011-01-21,-1.5046436786651611
2011-01-22,-1.526441216468811
2011-01-23,-1.5238637924194336
2011-01-24,-1.5797736644744873
2011-01-25,-1.5736511945724487
2011-01-26,-1.5581250190734863
2011-01-27,-1.5932323932647705
2011-01-28,-1.548256278038025
2011-01-29,-1.4580925703048706
2011-01-30,-1.3598213195800781
2011-01-31,-1.361245036125183
2011-02-01,-1.3695050477981567
2011-02-02,-1.348693609237671
2011-02-03,-1.2972736358642578
2011-02-04,-1.1495600938796997
2011-02-05,-1.0193787813186646
2011-02-06,-0.9392412304878235
2011-02-07,-0.9567612409591675
2011-02-08,-1.0386250019073486
2011-02-09,-1.0905462503433228
2011-02-10,-1.0905474424362183
2011-02-11,-1.0688737630844116
2011-02-12,-1.0857973098754883
2011-02-13,-1.1294362545013428
2011-02-14,-1.1830824613571167
2011-02-15,-1.2587149143218994
2011-02-16,-1.299223780632019
2011-02-17,-1.3268649578094482
2011-02-18,-1.3503450155258179
2011-02-19,-1.3885250091552734
2011-02-20,-1.4828025102615356
2011-02-21,-1.561995029449463
2011-02-22,-1.5267012119293213
2011-02-23,-1.4700586795806885
2011-02-24,-1.413349986076355
2011-02-25,-1.3917925357818604
2011-02-26,-1.38173246383667
2011-02-27,-1.3926349878311157
2011-02-28,-1.3812488317489624
2011-03-01,-1.37309992313385
2011-03-02,-1.3741474151611328
2011-03-03,-1.3458538055419922
2011-03-04,-1.3043725490570068
2011-03-05,-1.2713474035263062
2011-03-06,-1.1977312564849854
2011-03-07,-0.9912137389183044
2011-03-08,-0.7752137184143066
2011-03-09,-0.662348747253418
2011-03-10,-0.6272062659263611
2011-03-11,-0.6255837678909302
2011-03-12,-0.6176337003707886
2011-03-13,-0.6147024631500244
2011-03-14,-0.5934487581253052
2011-03-15,-0.634353756904602
2011-03-16,-0.6610999703407288
2011-03-17,-0.672691285610199
2011-03-18,-0.6603349447250366
2011-03-19,-0.6498425006866455
2011-03-20,-0.6530424952507019
2011-03-21,-0.7118087410926819
2011-03-22,-0.7765825390815735
2011-03-23,-0.8314537405967712
2011-03-24,-0.8441762328147888
2011-03-25,-0.8409561514854431
2011-03-26,-0.800552487373352
2011-03-27,-0.7008637189865112
2011-03-28,-0.6056224703788757
2011-03-29,-0.6115637421607971
2011-03-30,-0.6097174882888794
2011-03-31,-0.5783887505531311
2011-04-01,-0.5053550004959106
2011-04-02,-0.5230412483215332
2011-04-03,-0.5185137987136841
2011-04-04,-0.4265424907207489
2011-04-05,-0.3993387222290039
2011-04-06,-0.36074626445770264
2011-04-07,-0.38725000619888306
2011-04-08,-0.4587937295436859
2011-04-09,-0.45970502495765686
2011-04-10,-0.5330949425697327
2011-04-11,-0.6136761903762817
2011-04-12,-0.6779037714004517
2011-04-13,-0.6580474972724915
2011-04-14,-0.665823757648468
2011-04-15,-0.705723762512207
2011-04-16,-0.722012460231781
2011-04-17,-0.7056775093078613
2011-04-18,-0.7013174295425415
2011-04-19,-0.673337459564209
2011-04-20,-0.6699099540710449
2011-04-21,-0.6819074749946594
2011-04-22,-0.6881437301635742
2011-04-23,-0.7099412679672241
2011-04-24,-0.6924487352371216
2011-04-25,-0.6595949530601501
2011-04-26,-0.6681612730026245
2011-04-27,-0.7091699838638306
2011-04-28,-0.7483249306678772
2011-04-29,-0.760254979133606
2011-04-30,-0.7882587313652039
2011-05-01,-0.7843887209892273
2011-05-02,-0.7504537105560303
2011-05-03,-0.7402124404907227
2011-05-04,-0.7089162468910217
2011-05-05,-0.7167912125587463
2011-05-06,-0.6156924962997437
2011-05-07,-0.44792500138282776
2011-05-08,-0.33875247836112976
2011-05-09,-0.27716749906539917
2011-05-10,-0.2764887809753418
2011-05-11,-0.25714123249053955
2011-05-12,-0.22234000265598297
2011-05-13,-0.18895374238491058
2011-05-14,-0.10494124889373779
2011-05-15,0.08621998876333237
2011-05-16,0.07190125435590744
2011-05-17,0.03335375338792801
2011-05-18,0.007118747569620609
2011-05-19,0.05777875334024429
2011-05-20,0.03430624678730965
2011-05-21,0.012818751856684685
2011-05-22,-0.034870002418756485
2011-05-23,-0.08282624930143356
2011-05-24,-0.10376624017953873
2011-05-25,-0.1938287317752838
2011-05-26,-0.2828024923801422
2011-05-27,-0.34734123945236206
2011-05-28,-0.3256874978542328
2011-05-29,-0.23235251009464264
2011-05-30,-0.16754373908042908
2011-05-31,-0.12383874505758286
2011-06-01,-0.12119624018669128
2011-06-02,-0.1829562485218048
2011-06-03,-0.20354625582695007
2011-06-04,-0.1890149861574173
2011-06-05,-0.14978623390197754
2011-06-06,-0.14053748548030853
2011-06-07,-0.08115624636411667
2011-06-08,-0.07254250347614288
2011-06-09,-0.12573374807834625
2011-06-10,-0.2506137490272522
2011-06-11,-0.35543370246887207
2011-06-12,-0.4310237467288971
2011-06-13,-0.3815174698829651
2011-06-14,-0.2980037331581116
2011-06-15,-0.2902412414550781
2011-06-16,-0.2767162024974823
2011-06-17,-0.24438872933387756
2011-06-18,-0.16429750621318817
2011-06-19,-0.1272674947977066
2011-06-20,-0.11956499516963959
2011-06-21,-0.10571125894784927
2011-06-22,-0.07106625288724899
2011-06-23,-0.011388755403459072
2011-06-24,0.016443749889731407
2011-06-25,0.04594248905777931
2011-06-26,0.09065499901771545
2011-06-27,0.161592498421669
2011-06-28,0.22894999384880066
2011-06-29,0.3171537518501282
2011-06-30,0.329212486743927
2011-07-01,0.3163662552833557
2011-07-02,0.2756262421607971
2011-07-03,0.2216775119304657
2011-07-04,0.12684248387813568
2011-07-05,0.06418250501155853
2011-07-06,0.0188437532633543
2011-07-07,-0.07818000763654709
2011-07-08,-0.075896255671978
2011-07-09,-0.04427249729633331
2011-07-10,-0.0166849996894598
2011-07-11,0.10871875286102295
2011-07-12,0.13953125476837158
2011-07-13,0.14314499497413635
2011-07-14,0.08422248810529709
2011-07-15,0.007208746392279863
2011-07-16,-0.06257124990224838
2011-07-17,-0.1112774983048439
2011-07-18,-0.12472999840974808
2011-07-19,-0.13721249997615814
2011-07-20,-0.13369624316692352
2011-07-21,-0.10450749844312668
2011-07-22,-0.13709749281406403
2011-07-23,-0.1697562336921692
2011-07-24,-0.13189248740673065
2011-07-25,-0.1228800043463707
2011-07-26,-0.14710499346256256
2011-07-27,-0.12612125277519226
2011-07-28,-0.115408755838871
2011-07-29,-0.07051249593496323
2011-07-30,-0.09467750042676926
2011-07-31,-0.1549849957227707
2011-08-01,-0.16759875416755676
2011-08-02,-0.16157124936580658
2011-08-03,-0.16405749320983887
2011-08-04,-0.18295499682426453
2011-08-05,-0.22798623144626617
2011-08-06,-0.25845372676849365
2011-08-07,-0.30481624603271484
2011-08-08,-0.317252516746521
2011-08-09,-0.2924487292766571
2011-08-10,-0.27911248803138733
2011-08-11,-0.22996625304222107
2011-08-12,-0.1748262345790863
2011-08-13,-0.17587000131607056
2011-08-14,-0.22068999707698822
2011-08-15,-0.20632748305797577
2011-08-16,-0.19019123911857605
2011-08-17,-0.2772274911403656
2011-08-18,-0.4059237241744995
2011-08-19,-0.4728749990463257
2011-08-20,-0.5306287407875061
2011-08-21,-0.561769962310791
2011-08-22,-0.5441049933433533
2011-08-23,-0.4850199818611145
2011-08-24,-0.39166998863220215
2011-08-25,-0.3270787298679352
2011-08-26,-0.31874123215675354
2011-08-27,-0.36126622557640076
2011-08-28,-0.43991249799728394
2011-08-29,-0.4931124746799469
2011-08-30,-0.5122612118721008
2011-08-31,-0.553457498550415
2011-09-01,-0.5569186806678772
2011-09-02,-0.5681287050247192
2011-09-03,-0.5975337624549866
2011-09-04,-0.6368662118911743
2011-09-05,-0.6528599858283997
2011-09-06,-0.6028800010681152
2011-09-07,-0.6075687408447266
2011-09-08,-0.6174412965774536
2011-09-09,-0.6057062745094299
2011-09-10,-0.5934687256813049
2011-09-11,-0.6288411617279053
2011-09-12,-0.7251600027084351
2011-09-13,-0.8411749601364136
2011-09-14,-0.8444374799728394
2011-09-15,-0.8033849596977234
2011-09-16,-0.7427487969398499
2011-09-17,-0.7162586450576782
2011-09-18,-0.667148768901825
2011-09-19,-0.6298537850379944
2011-09-20,-0.655655026435852
2011-09-21,-0.6595674753189087
2011-09-22,-0.6624837517738342
2011-09-23,-0.5810412168502808
2011-09-24,-0.5542449951171875
2011-09-25,-0.5732587575912476
2011-09-26,-0.5836999416351318
2011-09-27,-0.549831211566925
2011-09-28,-0.5245612859725952
2011-09-29,-0.47840625047683716
2011-09-30,-0.4588150084018707
2011-10-01,-0.49348747730255127
2011-10-02,-0.5904012322425842
2011-10-03,-0.6868912577629089
2011-10-04,-0.8422061800956726
2011-10-05,-0.9323099851608276
2011-10-06,-0.9122724533081055
2011-10-07,-0.8134199976921082
2011-10-08,-0.663513720035553
2011-10-09,-0.5596674680709839
2011-10-10,-0.5431662797927856
2011-10-11,-0.578953742980957
2011-10-12,-0.5916137099266052
2011-10-13,-0.5570986866950989
2011-10-14,-0.48747876286506653
2011-10-15,-0.4254149794578552
2011-10-16,-0.35568127036094666
2011-10-17,-0.29274874925613403
2011-10-18,-0.22998499870300293
2011-10-19,-0.1978587657213211
2011-10-20,-0.2511324882507324
2011-10-21,-0.327928751707077
2011-10-22,-0.5112587213516235
2011-10-23,-0.714113712310791
2011-10-24,-0.8206324577331543
2011-10-25,-0.9500861763954163
2011-10-26,-0.9667174220085144
2011-10-27,-0.8364574313163757
2011-10-28,-0.7364124655723572
2011-10-29,-0.6973212957382202
2011-10-30,-0.7565312385559082
2011-10-31,-0.8352311849594116
2011-11-01,-0.8644186854362488
2011-11-02,-0.8758224248886108
2011-11-03,-0.8210174441337585
2011-11-04,-0.8104337453842163
2011-11-05,-0.8104274868965149
2011-11-06,-0.8176599740982056
2011-11-07,-0.7738537788391113
2011-11-08,-0.758977472782135
2011-11-09,-0.7048574686050415
2011-11-10,-0.6990849375724792
2011-11-11,-0.6502225399017334
2011-11-12,-0.6665224432945251
2011-11-13,-0.7304074764251709
2011-11-14,-0.7261450290679932
2011-11-15,-0.6634412407875061
2011-11-16,-0.6309487223625183
2011-11-17,-0.6369386911392212
2011-11-18,-0.6219399571418762
2011-11-19,-0.6473575234413147
2011-11-20,-0.6574937701225281
2011-11-21,-0.6993812322616577
2011-11-22,-0.8113687634468079
2011-11-23,-0.8276025056838989
2011-11-24,-0.8952412009239197
2011-11-25,-0.9995899796485901
2011-11-26,-1.0071223974227905
2011-11-27,-0.9422812461853027
2011-11-28,-0.8342837691307068
2011-11-29,-0.7437149882316589
2011-11-30,-0.7542974948883057
2011-12-01,-0.7215499877929688
2011-12-02,-0.7354362607002258
2011-12-03,-0.7609174847602844
2011-12-04,-0.7710449695587158
2011-12-05,-0.8396274447441101
2011-12-06,-0.8682875037193298
2011-12-07,-0.838151216506958
2011-12-08,-0.8332287669181824
2011-12-09,-0.7983325123786926
2011-12-10,-0.7727187275886536
2011-12-11,-0.786801278591156
2011-12-12,-0.8566150069236755
2011-12-13,-0.8990087509155273
2011-12-14,-0.8781912326812744
2011-12-15,-0.8882337212562561
2011-12-16,-0.8829312324523926
2011-12-17,-0.8778199553489685
2011-12-18,-0.8758425116539001
2011-12-19,-0.9296224117279053
2011-12-20,-0.967402458190918
2011-12-21,-0.9870962500572205
2011-12-22,-0.9722074866294861
2011-12-23,-0.9830861687660217
2011-12-24,-0.9806824922561646
2011-12-25,-0.9575987458229065
2011-12-26,-0.9538549780845642
2011-12-27,-0.9832074642181396
2011-12-28,-1.0435236692428589
2011-12-29,-1.1484299898147583
2011-12-30,-1.2280962467193604
2011-12-31,-1.0826774835586548
2012-01-01,-0.9767987132072449
2012-01-02,-0.9689075350761414
2012-01-03,-0.9330237507820129
2012-01-04,-0.8277624249458313
2012-01-05,-0.7521712183952332
2012-01-06,-0.7194162607192993
2012-01-07,-0.7441824078559875
2012-01-08,-0.7405911684036255
2012-01-09,-0.6268162727355957
2012-01-10,-0.5403237342834473
2012-01-11,-0.457248717546463
2012-01-12,-0.36830374598503113
2012-01-13,-0.303608775138855
2012-01-14,-0.26309874653816223
2012-01-15,-0.26642999053001404
2012-01-16,-0.35235247015953064
2012-01-17,-0.48627999424934387
2012-01-18,-0.6336612701416016
2012-01-19,-0.774003803730011
2012-01-20,-0.8053762316703796
2012-01-21,-0.7527474164962769
2012-01-22,-0.7359387278556824
2012-01-23,-0.7475687265396118
2012-01-24,-0.7704774737358093
2012-01-25,-0.7935887575149536
2012-01-26,-0.8214324712753296
2012-01-27,-0.818638801574707
2012-01-28,-0.8321762084960938
2012-01-29,-0.8695761561393738
2012-01-30,-0.9203874468803406
2012-01-31,-0.9984037280082703
2012-02-01,-1.052839994430542
2012-02-02,-1.122188687324524
2012-02-03,-1.1470099687576294
2012-02-04,-1.1092736721038818
2012-02-05,-1.1152937412261963
2012-02-06,-1.122753620147705
2012-02-07,-1.09193754196167
2012-02-08,-1.0108336210250854
2012-02-09,-0.9131811857223511
2012-02-10,-0.8349387049674988
2012-02-11,-0.7711774706840515
2012-02-12,-0.7511749863624573
2012-02-13,-0.6640087962150574
2012-02-14,-0.5350162386894226
2012-02-15,-0.3955100178718567
2012-02-16,-0.37829872965812683
2012-02-17,-0.3991549611091614
2012-02-18,-0.4285712242126465
2012-02-19,-0.4644662141799927
2012-02-20,-0.486183762550354
2012-02-21,-0.4661012589931488
2012-02-22,-0.42497003078460693
2012-02-23,-0.3037337362766266
2012-02-24,-0.2050287425518036
2012-02-25,-0.15225499868392944
2012-02-26,-0.14849624037742615
2012-02-27,-0.16697873175144196
2012-02-28,-0.15954750776290894
2012-02-29,-0.18477874994277954
2012-03-01,-0.2522774934768677
2012-03-02,-0.36191248893737793
2012-03-03,-0.43811750411987305
2012-03-04,-0.4726012349128723
2012-03-05,-0.48409751057624817
2012-03-06,-0.48159998655319214
2012-03-07,-0.4550287425518036
2012-03-08,-0.4291662275791168
2012-03-09,-0.4612899720668793
2012-03-10,-0.5168150067329407
2012-03-11,-0.6044462323188782
2012-03-12,-0.6520724296569824
2012-03-13,-0.5954287052154541
2012-03-14,-0.531353771686554
2012-03-15,-0.4975287616252899
2012-03-16,-0.48176872730255127
2012-03-17,-0.5286262035369873
2012-03-18,-0.5940712094306946
2012-03-19,-0.6497199535369873
2012-03-20,-0.6656699776649475
2012-03-21,-0.6192349791526794
2012-03-22,-0.44993874430656433
2012-03-23,-0.23204249143600464
2012-03-24,-0.14855624735355377
2012-03-25,-0.19691501557826996
2012-03-26,-0.19624249637126923
2012-03-27,-0.1804874986410141
2012-03-28,-0.2643687427043915
2012-03-29,-0.31856873631477356
2012-03-30,-0.24165749549865723
2012-03-31,-0.261757493019104
2012-04-01,-0.3274000287055969
2012-04-02,-0.2410925030708313
2012-04-03,-0.13896498084068298
2012-04-04,-0.2512950003147125
2012-04-05,-0.32560375332832336
2012-04-06,-0.39545750617980957
2012-04-07,-0.4927924871444702
2012-04-08,-0.5109537243843079
2012-04-09,-0.43470874428749084
2012-04-10,-0.40387874841690063
2012-04-11,-0.4644187390804291
2012-04-12,-0.5537437200546265
2012-04-13,-0.6258050203323364
2012-04-14,-0.6113086938858032
2012-04-15,-0.5814724564552307
2012-04-16,-0.6087424755096436
2012-04-17,-0.5951400399208069
2012-04-18,-0.5430037379264832
2012-04-19,-0.47959622740745544
2012-04-20,-0.4426087439060211
2012-04-21,-0.4070874750614166
2012-04-22,-0.3404862582683563
2012-04-23,-0.28234001994132996
2012-04-24,-0.26177874207496643
2012-04-25,-0.1877712458372116
2012-04-26,-0.19492873549461365
2012-04-27,-0.22786501049995422
2012-04-28,-0.20571625232696533
2012-04-29,-0.22329750657081604
2012-04-30,-0.2597600221633911
2012-05-01,-0.23441873490810394
2012-05-02,-0.11097125709056854
2012-05-03,-0.019132491201162338
2012-05-04,-0.015326263383030891
2012-05-05,-0.023356247693300247
2012-05-06,-0.04261248931288719
2012-05-07,-0.1098562479019165
2012-05-08,-0.08347376435995102
2012-05-09,-0.004336257930845022
2012-05-10,0.05047124624252319
2012-05-11,0.04354749992489815
2012-05-12,-0.027171241119503975
2012-05-13,-0.11995750665664673
2012-05-14,-0.1974175125360489
2012-05-15,-0.2863974869251251
2012-05-16,-0.30493372678756714
2012-05-17,-0.25394123792648315
2012-05-18,-0.20917749404907227
2012-05-19,-0.23326249420642853
2012-05-20,-0.25884875655174255
2012-05-21,-0.17391249537467957
2012-05-22,-0.048949990421533585
2012-05-23,0.01895623840391636
2012-05-24,0.07801000773906708
2012-05-25,0.06541499495506287
2012-05-26,0.023588744923472404
2012-05-27,0.02393251098692417
2012-05-28,0.05859375
2012-05-29,0.07436124980449677
2012-05-30,0.08271251618862152
2012-05-31,0.09563124924898148
2012-06-01,0.11061875522136688
2012-06-02,0.07870498299598694
2012-06-03,0.03309624642133713
2012-06-04,0.018378745764493942
2012-06-05,0.038452498614788055
2012-06-06,0.10004373639822006
2012-06-07,0.11651250720024109
2012-06-08,0.11789625138044357
2012-06-09,0.18245874345302582
2012-06-10,0.3284837603569031
2012-06-11,0.5055875182151794
2012-06-12,0.5231212377548218
2012-06-13,0.44123125076293945
2012-06-14,0.4368487298488617
2012-06-15,0.4470912516117096
2012-06-16,0.4684012234210968
2012-06-17,0.6004637479782104
2012-06-18,0.6754825115203857
2012-06-19,0.7347686886787415
2012-06-20,0.7876787185668945
2012-06-21,0.7954575419425964
2012-06-22,0.7812438011169434
2012-06-23,0.7437674403190613
2012-06-24,0.7190250158309937
2012-06-25,0.6609936356544495
2012-06-26,0.6274462342262268
2012-06-27,0.6206200122833252
2012-06-28,0.6530837416648865
2012-06-29,0.6920675039291382
2012-06-30,0.6748636960983276
2012-07-01,0.6660324931144714
2012-07-02,0.6315924525260925
2012-07-03,0.5851624608039856
2012-07-04,0.5276399850845337
2012-07-05,0.45708999037742615
2012-07-06,0.3599875271320343
2012-07-07,0.2306712567806244
2012-07-08,0.10630374401807785
2012-07-09,0.05574124678969383
2012-07-10,0.018806250765919685
2012-07-11,0.0713300034403801
2012-07-12,0.07372500747442245
2012-07-13,0.06025749817490578
2012-07-14,0.105569988489151
2012-07-15,0.2331787347793579
2012-07-16,0.24504497647285461
2012-07-17,0.25012749433517456
2012-07-18,0.3453250229358673
2012-07-19,0.38575372099876404
2012-07-20,0.5373337268829346
2012-07-21,0.6427286863327026
2012-07-22,0.660751223564148
2012-07-23,0.6445674896240234
2012-07-24,0.6278762221336365
2012-07-25,0.6371186971664429
2012-07-26,0.6254187226295471
2012-07-27,0.6879124641418457
2012-07-28,0.7924900054931641
2012-07-29,0.8573249578475952
2012-07-30,0.8727562427520752
2012-07-31,0.7858274579048157
2012-08-01,0.7014200687408447
2012-08-02,0.6354624032974243
2012-08-03,0.6113912463188171
2012-08-04,0.6303225159645081
2012-08-05,0.6741262078285217
2012-08-06,0.734818696975708
2012-08-07,0.7957836985588074
2012-08-08,0.8835387825965881
2012-08-09,0.9846736788749695
2012-08-10,0.9966111779212952
2012-08-11,0.9060724973678589
2012-08-12,0.7575961947441101
2012-08-13,0.5886462330818176
2012-08-14,0.5479425191879272
2012-08-15,0.5637087225914001
2012-08-16,0.5806862115859985
2012-08-17,0.5447012186050415
2012-08-18,0.5216749906539917
2012-08-19,0.5389825105667114
2012-08-20,0.5079049468040466
2012-08-21,0.4692637622356415
2012-08-22,0.49856120347976685
2012-08-23,0.5716486573219299
2012-08-24,0.6744287610054016
2012-08-25,0.8466799855232239
2012-08-26,1.0222036838531494
2012-08-27,1.1967536211013794
2012-08-28,1.3434699773788452
2012-08-29,1.4351599216461182
2012-08-30,1.5178499221801758
2012-08-31,1.53019118309021
2012-09-01,1.5088025331497192
2012-09-02,1.4052475690841675
2012-09-03,1.3166413307189941
2012-09-04,1.2355036735534668
2012-09-05,1.1610937118530273
2012-09-06,1.085300087928772
2012-09-07,0.9816474318504333
2012-09-08,0.8164399266242981
2012-09-09,0.6386024951934814
2012-09-10,0.42752495408058167
2012-09-11,0.2571112811565399
2012-09-12,0.14038997888565063
2012-09-13,0.12512999773025513
2012-09-14,0.13460499048233032
2012-09-15,0.15391749143600464
2012-09-16,0.15230123698711395
2012-09-17,0.1269887387752533
2012-09-18,0.09886874258518219
2012-09-19,0.11057624965906143
2012-09-20,0.08550750464200974
2012-09-21,0.019130000844597816
2012-09-22,0.02316250652074814
2012-09-23,0.1431650072336197
2012-09-24,0.2757500112056732
2012-09-25,0.3865937292575836
2012-09-26,0.4028662443161011
2012-09-27,0.4037899672985077
2012-09-28,0.40755248069763184
2012-09-29,0.3842974901199341
2012-09-30,0.32233375310897827
2012-10-01,0.3071799874305725
2012-10-02,0.3362562358379364
2012-10-03,0.37830498814582825
2012-10-04,0.40540623664855957
2012-10-05,0.3950650095939636
2012-10-06,0.35286247730255127
2012-10-07,0.4408637285232544
2012-10-08,0.44592124223709106
2012-10-09,0.4111899733543396
2012-10-10,0.32246875762939453
2012-10-11,0.3084612488746643
2012-10-12,0.352798730134964
2012-10-13,0.4181724786758423
2012-10-14,0.43577873706817627
2012-10-15,0.4271712005138397
2012-10-16,0.3944912552833557
2012-10-17,0.4270037114620209
2012-10-18,0.4417712390422821
2012-10-19,0.45196372270584106
2012-10-20,0.47353750467300415
2012-10-21,0.5543312430381775
2012-10-22,0.6273399591445923
2012-10-23,0.6227999925613403
2012-10-24,0.5678712129592896
2012-10-25,0.5053462386131287
2012-10-26,0.4948374927043915
2012-10-27,0.5461586713790894
2012-10-28,0.6158862113952637
2012-10-29,0.6343162059783936
2012-10-30,0.6371037364006042
2012-10-31,0.6478263139724731
2012-11-01,0.5834649801254272
2012-11-02,0.5700799822807312
2012-11-03,0.6104637384414673
2012-11-04,0.711899995803833
2012-11-05,0.8486374616622925
2012-11-06,0.9297812581062317
2012-11-07,1.001634955406189
2012-11-08,1.0392749309539795
2012-11-09,1.0772563219070435
2012-11-10,1.1815248727798462
2012-11-11,1.193038821220398
2012-11-12,1.1407761573791504
2012-11-13,1.148346185684204
2012-11-14,1.24063241481781
2012-11-15,1.357513666152954
2012-11-16,1.3393974304199219
2012-11-17,1.2346400022506714
2012-11-18,1.1064848899841309
2012-11-19,0.9093387722969055
2012-11-20,0.7435200214385986
2012-11-21,0.6320387125015259
2012-11-22,0.6214274764060974
2012-11-23,0.5760424733161926
2012-11-24,0.3860349655151367
2012-11-25,0.18791376054286957
2012-11-26,0.03960749879479408
2012-11-27,-0.02296750247478485
2012-11-28,-0.0943249985575676
2012-11-29,-0.16053999960422516
2012-11-30,-0.27234625816345215
2012-12-01,-0.3275600075721741
2012-12-02,-0.34814247488975525
2012-12-03,-0.34084123373031616
2012-12-04,-0.36001622676849365
2012-12-05,-0.42395374178886414
2012-12-06,-0.48368874192237854
2012-12-07,-0.5109274983406067
2012-12-08,-0.41574499011039734
2012-12-09,-0.3653162121772766
2012-12-10,-0.3470824956893921
2012-12-11,-0.3016449809074402
2012-12-12,-0.2735249996185303
2012-12-13,-0.27881625294685364
2012-12-14,-0.321494996547699
2012-12-15,-0.3816649913787842
2012-12-16,-0.49471625685691833
2012-12-17,-0.631733775138855
2012-12-18,-0.6411412358283997
2012-12-19,-0.5805774927139282
2012-12-20,-0.4826899766921997
2012-12-21,-0.42055749893188477
2012-12-22,-0.37154749035835266
2012-12-23,-0.4155924916267395
2012-12-24,-0.36667874455451965
2012-12-25,-0.331835001707077
2012-12-26,-0.3179450035095215
2012-12-27,-0.3626224994659424
2012-12-28,-0.4067862629890442
2012-12-29,-0.4298049509525299
2012-12-30,-0.4940449893474579
2012-12-31,-0.597212553024292
2013-01-01,-0.5883575081825256
2013-01-02,-0.4794299900531769
2013-01-03,-0.4285399913787842
2013-01-04,-0.44822371006011963
2013-01-05,-0.5346624851226807
2013-01-06,-0.7222762107849121
2013-01-07,-0.8916287422180176
2013-01-08,-1.0214512348175049
2013-01-09,-0.9648025035858154
2013-01-10,-0.8065249919891357
2013-01-11,-0.6609761714935303
2013-01-12,-0.5239899754524231
2013-01-13,-0.4910562336444855
2013-01-14,-0.4293762147426605
2013-01-15,-0.38670623302459717
2013-01-16,-0.392972469329834
2013-01-17,-0.4788612723350525
2013-01-18,-0.5349599719047546
2013-01-19,-0.59023118019104
2013-01-20,-0.6033024787902832
2013-01-21,-0.6140274405479431
2013-01-22,-0.5422624945640564
2013-01-23,-0.3924424946308136
2013-01-24,-0.3115062415599823
2013-01-25,-0.2925274670124054
2013-01-26,-0.47669872641563416
2013-01-27,-0.5237237811088562
2013-01-28,-0.5013362169265747
2013-01-29,-0.5957174897193909
2013-01-30,-0.58425372838974
2013-01-31,-0.5204562544822693
2013-02-01,-0.5144124627113342
2013-02-02,-0.5529336929321289
2013-02-03,-0.6122400164604187
2013-02-04,-0.5996087789535522
2013-02-05,-0.6215899586677551
2013-02-06,-0.6438112854957581
2013-02-07,-0.5731800198554993
2013-02-08,-0.4988762438297272
2013-02-09,-0.42991748452186584
2013-02-10,-0.36675751209259033
2013-02-11,-0.3498237431049347
2013-02-12,-0.3800624907016754
2013-02-13,-0.48777124285697937
2013-02-14,-0.6027124524116516
2013-02-15,-0.7011974453926086
2013-02-16,-0.7846238017082214
2013-02-17,-0.8236111998558044
2013-02-18,-0.8046724796295166
2013-02-19,-0.7717325091362
2013-02-20,-0.7237424850463867
2013-02-21,-0.653171181678772
2013-02-22,-0.593114972114563
2013-02-23,-0.591911256313324
2013-02-24,-0.5732199549674988
2013-02-25,-0.557476282119751
2013-02-26,-0.4817599952220917
2013-02-27,-0.42790499329566956
2013-02-28,-0.35965123772621155
2013-03-01,-0.32426872849464417
2013-03-02,-0.28700873255729675
2013-03-03,-0.22661374509334564
2013-03-04,-0.13820499181747437
2013-03-05,-0.08115874975919724
2013-03-06,-0.07268375158309937
2013-03-07,-0.06972624361515045
2013-03-08,-0.1649787425994873
2013-03-09,-0.3178187310695648
2013-03-10,-0.45708873867988586
2013-03-11,-0.4933900237083435
2013-03-12,-0.546153724193573
2013-03-13,-0.5573012828826904
2013-03-14,-0.5768637657165527
2013-03-15,-0.5667986869812012
2013-03-16,-0.39480748772621155
2013-03-17,-0.2543412446975708
2013-03-18,-0.23940123617649078
2013-03-19,-0.319662481546402
2013-03-20,-0.33781373500823975
2013-03-21,-0.27355247735977173
2013-03-22,-0.28863123059272766
2013-03-23,-0.30430498719215393
2013-03-24,-0.2601887583732605
2013-03-25,-0.14487874507904053
2013-03-26,-0.011917507275938988
2013-03-27,0.11974749714136124
2013-03-28,0.2777149975299835
2013-03-29,0.3588462471961975
2013-03-30,0.4749487340450287
2013-03-31,0.5925549864768982
2013-04-01,0.7163150310516357
2013-04-02,0.8218100070953369
2013-04-03,0.8502237796783447
2013-04-04,0.8410387635231018
2013-04-05,0.7945461869239807
2013-04-06,0.7587999105453491
2013-04-07,0.7280087471008301
2013-04-08,0.6874262690544128
2013-04-09,0.6656075716018677
2013-04-10,0.6126437187194824
2013-04-11,0.4912112355232239
2013-04-12,0.3776024878025055
2013-04-13,0.25784751772880554
2013-04-14,0.24117623269557953
2013-04-15,0.10312875360250473
2013-04-16,0.028267495334148407
2013-04-17,-0.04021874815225601
2013-04-18,-0.10610749572515488
2013-04-19,-0.11558625102043152
2013-04-20,-0.07784374058246613
2013-04-21,-0.07611625641584396
2013-04-22,-0.11980874836444855
2013-04-23,-0.106734998524189
2013-04-24,-0.11175250262022018
2013-04-25,-0.08946874737739563
2013-04-26,-0.13448750972747803
2013-04-27,-0.09035624563694
2013-04-28,-0.0480324923992157
2013-04-29,0.03651874512434006
2013-04-30,0.029085000976920128
2013-05-01,0.04016124829649925
2013-05-02,0.029163753613829613
2013-05-03,0.09049999713897705
2013-05-04,0.14527000486850739
2013-05-05,0.1777537316083908
2013-05-06,0.18175873160362244
2013-05-07,0.1500912308692932
2013-05-08,0.09286624193191528
2013-05-09,-0.006061241030693054
2013-05-10,-0.12689748406410217
2013-05-11,-0.26360124349594116
2013-05-12,-0.33559998869895935
2013-05-13,-0.3761012554168701
2013-05-14,-0.4043162763118744
2013-05-15,-0.3912299871444702
2013-05-16,-0.33636248111724854
2013-05-17,-0.3672937750816345
2013-05-18,-0.39825621247291565
2013-05-19,-0.4203636944293976
2013-05-20,-0.4372424781322479
2013-05-21,-0.48204123973846436
2013-05-22,-0.547491192817688
2013-05-23,-0.5401937365531921
2013-05-24,-0.4755849540233612
2013-05-25,-0.4029874801635742
2013-05-26,-0.290048748254776
2013-05-27,-0.18181250989437103
2013-05-28,-0.0918087437748909
2013-05-29,-0.0799737423658371
2013-05-30,-0.13651999831199646
2013-05-31,-0.20280374586582184
2013-06-01,-0.2728725075721741
2013-06-02,-0.2963562607765198
2013-06-03,-0.3298549950122833
2013-06-04,-0.3328862190246582
2013-06-05,-0.38405999541282654
2013-06-06,-0.36431998014450073
2013-06-07,-0.2175387442111969
2013-06-08,-0.17540626227855682
2013-06-09,-0.19449248909950256
2013-06-10,-0.1970912516117096
2013-06-11,-0.23828250169754028
2013-06-12,-0.26445749402046204
2013-06-13,-0.2820374667644501
2013-06-14,-0.3060774803161621
2013-06-15,-0.3339587450027466
2013-06-16,-0.37314373254776
2013-06-17,-0.3762587606906891
2013-06-18,-0.3268062472343445
2013-06-19,-0.19129247963428497
2013-06-20,-0.11282124370336533
2013-06-21,-0.07565248757600784
2013-06-22,-0.022556250914931297
2013-06-23,0.03406374901533127
2013-06-24,0.10426249355077744
2013-06-25,0.12323874235153198
2013-06-26,0.1989162266254425
2013-06-27,0.2243949919939041
2013-06-28,0.15782248973846436
2013-06-29,0.04923499748110771
2013-06-30,0.01216875296086073
2013-07-01,-0.030771251767873764
2013-07-02,-0.009636247530579567
2013-07-03,0.0016137504717335105
2013-07-04,-0.05828999727964401
2013-07-05,-0.18731124699115753
2013-07-06,-0.23458123207092285
2013-07-07,-0.19195498526096344
2013-07-08,-0.13221749663352966
2013-07-09,-0.10615500062704086
2013-07-10,-0.1662762463092804
2013-07-11,-0.25935375690460205
2013-07-12,-0.2978637218475342
2013-07-13,-0.3188750147819519
2013-07-14,-0.30437999963760376
2013-07-15,-0.17530374228954315
2013-07-16,-0.16603998839855194
2013-07-17,-0.07560374587774277
2013-07-18,0.021591247990727425
2013-07-19,0.01956000179052353
2013-07-20,0.026871250942349434
2013-07-21,0.0047700004652142525
2013-07-22,-0.06223875284194946
2013-07-23,-0.09777624160051346
2013-07-24,-0.11943499743938446
2013-07-25,-0.07654498517513275
2013-07-26,-0.00391749944537878
2013-07-27,0.01864750124514103
2013-07-28,0.01443499606102705
2013-07-29,-0.05981624498963356
2013-07-30,-0.1182200014591217
2013-07-31,-0.217802494764328
2013-08-01,-0.26970499753952026
2013-08-02,-0.3033374845981598
2013-08-03,-0.3019137680530548
2013-08-04,-0.2834324836730957
2013-08-05,-0.258525013923645
2013-08-06,-0.2612399756908417
2013-08-07,-0.32766497135162354
2013-08-08,-0.3478299677371979
2013-08-09,-0.37373125553131104
2013-08-10,-0.38935747742652893
2013-08-11,-0.4511062204837799
2013-08-12,-0.5200937390327454
2013-08-13,-0.6547187566757202
2013-08-14,-0.6160949468612671
2013-08-15,-0.5594311952590942
2013-08-16,-0.525763750076294
2013-08-17,-0.6264899969100952
2013-08-18,-0.6564024686813354
2013-08-19,-0.7080400586128235
2013-08-20,-0.7212100028991699
2013-08-21,-0.7491961717605591
2013-08-22,-0.692993700504303
2013-08-23,-0.5840874910354614
2013-08-24,-0.4344387352466583
2013-08-25,-0.35071125626564026
2013-08-26,-0.26934999227523804
2013-08-27,-0.19991500675678253
2013-08-28,-0.15372750163078308
2013-08-29,-0.12615375220775604
2013-08-30,-0.06446874886751175
2013-08-31,-0.0007087440462782979
2013-09-01,0.032625000923871994
2013-09-02,0.04476124420762062
2013-09-03,0.05514374375343323
2013-09-04,0.10260750353336334
2013-09-05,0.14543624222278595
2013-09-06,0.1893787533044815
2013-09-07,0.2606300115585327
2013-09-08,0.27929627895355225
2013-09-09,0.21217122673988342
2013-09-10,0.12316999584436417
2013-09-11,0.14869749546051025
2013-09-12,0.1745687574148178
2013-09-13,0.22071625292301178
2013-09-14,0.22426247596740723
2013-09-15,0.23050250113010406
2013-09-16,0.23351998627185822
2013-09-17,0.2364324927330017
2013-09-18,0.20468875765800476
2013-09-19,0.138202503323555
2013-09-20,0.05324249714612961
2013-09-21,-0.03847125172615051
2013-09-22,-0.13645748794078827
2013-09-23,-0.21281372010707855
2013-09-24,-0.18308499455451965
2013-09-25,-0.07714500278234482
2013-09-26,0.06595375388860703
2013-09-27,0.11429375410079956
2013-09-28,0.0988837406039238
2013-09-29,0.00678874971345067
2013-09-30,-0.060253746807575226
2013-10-01,-0.040812499821186066
2013-10-02,-0.018541250377893448
2013-10-03,0.012575000524520874
2013-10-04,0.010837500914931297
2013-10-05,0.02459375374019146
2013-10-06,0.026241248473525047
2013-10-07,-0.02567499503493309
2013-10-08,-0.025004997849464417
2013-10-09,-0.007242501247674227
2013-10-10,-0.018810000270605087
2013-10-11,-0.09492750465869904
2013-10-12,-0.10966750234365463
2013-10-13,-0.09436000138521194
2013-10-14,-0.11639124900102615
2013-10-15,-0.10800624638795853
2013-10-16,-0.011603748425841331
2013-10-17,0.013668748550117016
2013-10-18,-0.07455375045537949
2013-10-19,-0.13777999579906464
2013-10-20,-0.17610622942447662
2013-10-21,-0.18733623623847961
2013-10-22,-0.21149875223636627
2013-10-23,-0.2171812504529953
2013-10-24,-0.20682375133037567
2013-10-25,-0.1967487335205078
2013-10-26,-0.1364324986934662
2013-10-27,-0.09280749410390854
2013-10-28,-0.039338741451501846
2013-10-29,0.03807499632239342
2013-10-30,0.08846376091241837
2013-10-31,0.13596124947071075
2013-11-01,0.15620750188827515
2013-11-02,0.16083000600337982
2013-11-03,0.15170623362064362
2013-11-04,0.10586624592542648
2013-11-05,0.16853375732898712
2013-11-06,0.23709248006343842
2013-11-07,0.22319623827934265
2013-11-08,0.19249747693538666
2013-11-09,0.1525762528181076
2013-11-10,0.14499124884605408
2013-11-11,0.07413999736309052
2013-11-12,0.05893499776721001
2013-11-13,0.07019874453544617
2013-11-14,0.11819248646497726
2013-11-15,0.20999500155448914
2013-11-16,0.2743512690067291
2013-11-17,0.4337324798107147
2013-11-18,0.46944501996040344
2013-11-19,0.3922637403011322
2013-11-20,0.19497375190258026
2013-11-21,0.05828499421477318
2013-11-22,0.030863754451274872
2013-11-23,0.04131374508142471
2013-11-24,0.04172750189900398
2013-11-25,0.03204500302672386
2013-11-26,0.005085006821900606
2013-11-27,-0.039951253682374954
2013-11-28,-0.0657224953174591
2013-11-29,-0.05996125191450119
2013-11-30,-0.005617501214146614
2013-12-01,0.06415499746799469
2013-12-02,0.08945249766111374
2013-12-03,0.10217249393463135
2013-12-04,0.08882374316453934
2013-12-05,0.06211499869823456
2013-12-06,0.007181249558925629
2013-12-07,-0.040227506309747696
2013-12-08,0.007020000368356705
2013-12-09,0.004127500578761101
2013-12-10,-0.01664625108242035
2013-12-11,0.016238752752542496
2013-12-12,0.06140124797821045
2013-12-13,0.09486375004053116
2013-12-14,0.06915374845266342
2013-12-15,0.029833748936653137
2013-12-16,0.03688250109553337
2013-12-17,0.036329999566078186
2013-12-18,0.027117500081658363
2013-12-19,-0.002007500734180212
2013-12-20,-0.048820000141859055
2013-12-21,-0.026323748752474785
2013-12-22,-0.04624499753117561
2013-12-23,-0.161702498793602
2013-12-24,-0.33459246158599854
2013-12-25,-0.41756874322891235
2013-12-26,-0.46008747816085815
2013-12-27,-0.4849337041378021
2013-12-28,-0.45408374071121216
2013-12-29,-0.5006587505340576
2013-12-30,-0.5312237739562988
2013-12-31,-0.583020031452179
2014-01-01,-0.6072537302970886
2014-01-02,-0.6429062485694885
2014-01-03,-0.6333524584770203
2014-01-04,-0.6907424926757812
2014-01-05,-0.7476062178611755
2014-01-06,-0.8260549306869507
2014-01-07,-0.8392761945724487
2014-01-08,-0.796442449092865
2014-01-09,-0.8014312386512756
2014-01-10,-0.8272099494934082
2014-01-11,-0.8054987788200378
2014-01-12,-0.8002262115478516
2014-01-13,-0.7694424986839294
2014-01-14,-0.7710749506950378
2014-01-15,-0.8245262503623962
2014-01-16,-0.8430799841880798
2014-01-17,-0.7488987445831299
2014-01-18,-0.5766262412071228
2014-01-19,-0.3981350064277649
2014-01-20,-0.19650748372077942
2014-01-21,-0.12990625202655792
2014-01-22,-0.14254125952720642
2014-01-23,-0.15725375711917877
2014-01-24,-0.2012374997138977
2014-01-25,-0.2618187367916107
2014-01-26,-0.32015499472618103
2014-01-27,-0.35041749477386475
2014-01-28,-0.39910000562667847
2014-01-29,-0.4410399794578552
2014-01-30,-0.5221337080001831
2014-01-31,-0.6397362351417542
2014-02-01,-0.8554211854934692
2014-02-02,-1.089959979057312
2014-02-03,-1.292661190032959
2014-02-04,-1.4370687007904053
2014-02-05,-1.4890986680984497
2014-02-06,-1.4983000755310059
2014-02-07,-1.537521243095398
2014-02-08,-1.398418664932251
2014-02-09,-1.2977337837219238
2014-02-10,-1.2300962209701538
2014-02-11,-1.159404993057251
2014-02-12,-1.1289736032485962
2014-02-13,-1.0596362352371216
2014-02-14,-1.0022162199020386
2014-02-15,-0.8645812273025513
2014-02-16,-0.6323437690734863
2014-02-17,-0.48344624042510986
2014-02-18,-0.3926350176334381
2014-02-19,-0.3473512530326843
2014-02-20,-0.3682037591934204
2014-02-21,-0.45047998428344727
2014-02-22,-0.580269992351532
2014-02-23,-0.7039186954498291
2014-02-24,-0.8001737594604492
2014-02-25,-0.8911474347114563
2014-02-26,-0.9373549818992615
2014-02-27,-0.9397174715995789
2014-02-28,-1.0199600458145142
2014-03-01,-1.0951837301254272
2014-03-02,-1.154268741607666
2014-03-03,-1.2106449604034424
2014-03-04,-1.249324917793274
2014-03-05,-1.212461233139038
2014-03-06,-1.1769100427627563
2014-03-07,-1.1403449773788452
2014-03-08,-1.0403361320495605
2014-03-09,-0.9243800044059753
2014-03-10,-0.7392324805259705
2014-03-11,-0.6046562790870667
2014-03-12,-0.5093212723731995
2014-03-13,-0.38547876477241516
2014-03-14,-0.257717490196228
2014-03-15,-0.2214362621307373
2014-03-16,-0.2968537509441376
2014-03-17,-0.31130751967430115
2014-03-18,-0.2629537284374237
2014-03-19,-0.15584999322891235
2014-03-20,-0.06666750460863113
2014-03-21,0.04007498919963837
2014-03-22,0.1954299956560135
2014-03-23,0.24159124493598938
2014-03-24,0.22959375381469727
2014-03-25,0.22498248517513275
2014-03-26,0.22778750956058502
2014-03-27,0.35534876585006714
2014-03-28,0.4754287004470825
2014-03-29,0.4993774890899658
2014-03-30,0.4759887158870697
2014-03-31,0.44609248638153076
2014-04-01,0.4534125030040741
2014-04-02,0.415587455034256
2014-04-03,0.34144872426986694
2014-04-04,0.2761474549770355
2014-04-05,0.2485787570476532
2014-04-06,0.25754499435424805
2014-04-07,0.24009749293327332
2014-04-08,0.31600871682167053
2014-04-09,0.38798248767852783
2014-04-10,0.4547399878501892
2014-04-11,0.4527587294578552
2014-04-12,0.3888462483882904
2014-04-13,0.362208753824234
2014-04-14,0.3310062289237976
2014-04-15,0.30809125304222107
2014-04-16,0.3830662667751312
2014-04-17,0.444231241941452
2014-04-18,0.40073999762535095
2014-04-19,0.37599998712539673
2014-04-20,0.36167749762535095
2014-04-21,0.355313777923584
2014-04-22,0.3454824686050415
2014-04-23,0.3228737413883209
2014-04-24,0.2505437433719635
2014-04-25,0.23994624614715576
2014-04-26,0.20158874988555908
2014-04-27,0.1701512485742569
2014-04-28,0.211589977145195
2014-04-29,0.3247874677181244
2014-04-30,0.46242374181747437
2014-05-01,0.514161229133606
2014-05-02,0.46495622396469116
2014-05-03,0.37730878591537476
2014-05-04,0.3646000027656555
2014-05-05,0.473821222782135
2014-05-06,0.627702534198761
2014-05-07,0.7815662622451782
2014-05-08,0.7479436993598938
2014-05-09,0.5889387130737305
2014-05-10,0.4969387352466583
2014-05-11,0.454182505607605
2014-05-12,0.41538873314857483
2014-05-13,0.4320474863052368
2014-05-14,0.4334487318992615
2014-05-15,0.4074212312698364
2014-05-16,0.3904075026512146
2014-05-17,0.4246699810028076
2014-05-18,0.47554877400398254
2014-05-19,0.5070000290870667
2014-05-20,0.5985999703407288
2014-05-21,0.7108437418937683
2014-05-22,0.8782687187194824
2014-05-23,0.9006650447845459
2014-05-24,0.8854413032531738
2014-05-25,0.8236624598503113
2014-05-26,0.7925887703895569
2014-05-27,0.7543225288391113
2014-05-28,0.7175261974334717
2014-05-29,0.6763662099838257
2014-05-30,0.6523337364196777
2014-05-31,0.655662477016449
2014-06-01,0.6310762166976929
2014-06-02,0.6211699843406677
2014-06-03,0.5802949666976929
2014-06-04,0.619350016117096
2014-06-05,0.7241562604904175
2014-06-06,0.8018887042999268
2014-06-07,0.8047500252723694
2014-06-08,0.7683637738227844
2014-06-09,0.7459362745285034
2014-06-10,0.7624549269676208
2014-06-11,0.7722137570381165
2014-06-12,0.8040324449539185
2014-06-13,0.8099299073219299
2014-06-14,0.8020300269126892
2014-06-15,0.8440699577331543
2014-06-16,0.858905017375946
2014-06-17,0.8190837502479553
2014-06-18,0.8144525289535522
2014-06-19,0.817726194858551
2014-06-20,0.7404112815856934
2014-06-21,0.6805837154388428
2014-06-22,0.7447474598884583
2014-06-23,0.784443736076355
2014-06-24,0.7432249784469604
2014-06-25,0.6700449585914612
2014-06-26,0.539187490940094
2014-06-27,0.36974748969078064
2014-06-28,0.22553624212741852
2014-06-29,0.1635437309741974
2014-06-30,0.1593174934387207
2014-07-01,0.18122999370098114
2014-07-02,0.20266872644424438
2014-07-03,0.21686874330043793
2014-07-04,0.24981124699115753
2014-07-05,0.2874312400817871
2014-07-06,0.2769787609577179
2014-07-07,0.2540137469768524
2014-07-08,0.26495248079299927
2014-07-09,0.27678748965263367
2014-07-10,0.34112751483917236
2014-07-11,0.3771649897098541
2014-07-12,0.28545624017715454
2014-07-13,0.19734124839305878
2014-07-14,0.1531287431716919
2014-07-15,0.13378001749515533
2014-07-16,0.15405625104904175
2014-07-17,0.10838249325752258
2014-07-18,0.011794998310506344
2014-07-19,-0.06701748818159103
2014-07-20,-0.11521624773740768
2014-07-21,-0.16399000585079193
2014-07-22,-0.2164362519979477
2014-07-23,-0.15358874201774597
2014-07-24,-0.10501375794410706
2014-07-25,-0.10520000755786896
2014-07-26,-0.10214875638484955
2014-07-27,-0.09777998179197311
2014-07-28,-0.04370373487472534
2014-07-29,0.04700874164700508
2014-07-30,0.055752500891685486
2014-07-31,0.10587624460458755
2014-08-01,0.1551162451505661
2014-08-02,0.17763125896453857
2014-08-03,0.15127500891685486
2014-08-04,0.05890626460313797
2014-08-05,0.01839999482035637
2014-08-06,0.0220475010573864
2014-08-07,-0.010886261239647865
2014-08-08,-0.00935499556362629
2014-08-09,-0.06161874532699585
2014-08-10,-0.11577872931957245
2014-08-11,-0.1305149793624878
2014-08-12,-0.17774124443531036
2014-08-13,-0.2586587071418762
2014-08-14,-0.2385287582874298
2014-08-15,-0.13389499485492706
2014-08-16,-0.04040374606847763
2014-08-17,-0.03580249845981598
2014-08-18,-0.01195874810218811
2014-08-19,0.011106254532933235
2014-08-20,0.04836750030517578
2014-08-21,0.08857624977827072
2014-08-22,0.12394747883081436
2014-08-23,0.21198998391628265
2014-08-24,0.27373749017715454
2014-08-25,0.28784626722335815
2014-08-26,0.2757049798965454
2014-08-27,0.24965249001979828
2014-08-28,0.220683753490448
2014-08-29,0.24091124534606934
2014-08-30,0.23010000586509705
2014-08-31,0.11708000302314758
2014-09-01,0.06394999474287033
2014-09-02,0.1405549943447113
2014-09-03,0.18536248803138733
2014-09-04,0.2295137345790863
2014-09-05,0.322097510099411
2014-09-06,0.35400745272636414
2014-09-07,0.3241811990737915
2014-09-08,0.3539762496948242
2014-09-09,0.43511998653411865
2014-09-10,0.4385550022125244
2014-09-11,0.47139498591423035
2014-09-12,0.512603759765625
2014-09-13,0.514018714427948
2014-09-14,0.5173025131225586
2014-09-15,0.5063112378120422
2014-09-16,0.490426242351532
2014-09-17,0.4632974863052368
2014-09-18,0.4464924931526184
2014-09-19,0.48510125279426575
2014-09-20,0.4883574843406677
2014-09-21,0.42805376648902893
2014-09-22,0.3757437765598297
2014-09-23,0.3060799837112427
2014-09-24,0.2848150134086609
2014-09-25,0.24780124425888062
2014-09-26,0.26360246539115906
2014-09-27,0.3413425087928772
2014-09-28,0.31122246384620667
2014-09-29,0.3216174840927124
2014-09-30,0.3213862180709839
2014-10-01,0.3235337436199188
2014-10-02,0.33721375465393066
2014-10-03,0.36210373044013977
2014-10-04,0.38919997215270996
2014-10-05,0.42045873403549194
2014-10-06,0.48872125148773193
2014-10-07,0.5080837607383728
2014-10-08,0.46215125918388367
2014-10-09,0.39831000566482544
2014-10-10,0.39467623829841614
2014-10-11,0.47679248452186584
2014-10-12,0.5720162391662598
2014-10-13,0.6068649888038635
2014-10-14,0.6062299609184265
2014-10-15,0.5574737787246704
2014-10-16,0.5790874361991882
2014-10-17,0.5558499693870544
2014-10-18,0.5705487132072449
2014-10-19,0.5752899646759033
2014-10-20,0.5049024820327759
2014-10-21,0.5021112561225891
2014-10-22,0.5327799916267395
2014-10-23,0.5297924876213074
2014-10-24,0.6021937131881714
2014-10-25,0.6168025135993958
2014-10-26,0.551203727722168
2014-10-27,0.6030674576759338
2014-10-28,0.7022762894630432
2014-10-29,0.7828412055969238
2014-10-30,0.8005462884902954
2014-10-31,0.8161824941635132
2014-11-01,0.8339912295341492
2014-11-02,0.8566000461578369
2014-11-03,0.9420887231826782
2014-11-04,0.9239462614059448
2014-11-05,0.9206687211990356
2014-11-06,0.9416300058364868
2014-11-07,0.9681787490844727
2014-11-08,1.0155649185180664
2014-11-09,1.0168274641036987
2014-11-10,0.9579424858093262
2014-11-11,0.9568037986755371
2014-11-12,0.9682937860488892
2014-11-13,0.971961259841919
2014-11-14,0.960043728351593
2014-11-15,0.9421999454498291
2014-11-16,1.0094587802886963
2014-11-17,1.091617465019226
2014-11-18,1.1192362308502197
2014-11-19,1.1699386835098267
2014-11-20,1.1755762100219727
2014-11-21,1.1240286827087402
2014-11-22,1.0390812158584595
2014-11-23,0.9822250008583069
2014-11-24,0.9624599814414978
2014-11-25,0.9687624573707581
2014-11-26,0.9658387303352356
2014-11-27,0.9587024450302124
2014-11-28,0.9080587029457092
2014-11-29,0.9188712239265442
2014-11-30,0.9081899523735046
2014-12-01,0.8987537622451782
2014-12-02,0.8021137714385986
2014-12-03,0.7760612964630127
2014-12-04,0.7611949443817139
2014-12-05,0.7753112316131592
2014-12-06,0.7801762819290161
2014-12-07,0.8087524771690369
2014-12-08,0.8644350171089172
2014-12-09,0.8305799961090088
2014-12-10,0.8146975040435791
2014-12-11,0.8995774984359741
2014-12-12,0.9028637409210205
2014-12-13,0.8533674478530884
2014-12-14,0.7988199591636658
2014-12-15,0.8175750374794006
2014-12-16,0.8756325244903564
2014-12-17,0.9286274909973145
2014-12-18,0.9197412133216858
2014-12-19,0.8081674575805664
2014-12-20,0.7603399753570557
2014-12-21,0.7142549157142639
2014-12-22,0.6065612435340881
2014-12-23,0.524025022983551
2014-12-24,0.5603812336921692
2014-12-25,0.5667688250541687
2014-12-26,0.5297549962997437
2014-12-27,0.5200561881065369
2014-12-28,0.46480873227119446
2014-12-29,0.4285612404346466
2014-12-30,0.3789049983024597
2014-12-31,0.25728997588157654
2015-01-01,0.09895998984575272
2015-01-02,0.1334412544965744
2015-01-03,0.16028624773025513
2015-01-04,0.19290374219417572
2015-01-05,0.21310999989509583
2015-01-06,0.22102123498916626
2015-01-07,0.2267349809408188
2015-01-08,0.23365125060081482
2015-01-09,0.19700874388217926
2015-01-10,0.1697087436914444
2015-01-11,0.15320126712322235
2015-01-12,0.15165500342845917
2015-01-13,0.1597137451171875
2015-01-14,0.18251124024391174
2015-01-15,0.3209187388420105
2015-01-16,0.500616192817688
2015-01-17,0.6464662551879883
2015-01-18,0.755419909954071
2015-01-19,0.7963624596595764
2015-01-20,0.7198562026023865
2015-01-21,0.6840487122535706
2015-01-22,0.6888824701309204
2015-01-23,0.644108772277832
2015-01-24,0.6906087398529053
2015-01-25,0.7752612233161926
2015-01-26,0.7695762515068054
2015-01-27,0.7360036969184875
2015-01-28,0.6507149934768677
2015-01-29,0.6775925159454346
2015-01-30,0.7027787566184998
2015-01-31,0.7767512202262878
2015-02-01,0.8090200424194336
2015-02-02,0.8305050134658813
2015-02-03,0.8391199707984924
2015-02-04,0.8119711875915527
2015-02-05,0.7666799426078796
2015-02-06,0.767442524433136
2015-02-07,0.7521599531173706
2015-02-08,0.7207062244415283
2015-02-09,0.658050000667572
2015-02-10,0.6057162284851074
2015-02-11,0.5851424336433411
2015-02-12,0.6376937031745911
2015-02-13,0.643185019493103
2015-02-14,0.6645499467849731
2015-02-15,0.6316649913787842
2015-02-16,0.6305374503135681
2015-02-17,0.5766174793243408
2015-02-18,0.5076637864112854
2015-02-19,0.4306212365627289
2015-02-20,0.4303712546825409
2015-02-21,0.44454747438430786
2015-02-22,0.524352490901947
2015-02-23,0.6676812767982483
2015-02-24,0.8548862338066101
2015-02-25,0.8482075333595276
2015-02-26,0.8470537066459656
2015-02-27,0.8368474841117859
2015-02-28,0.7538975477218628
2015-03-01,0.6389649510383606
2015-03-02,0.5173087120056152
2015-03-03,0.4901612102985382
2015-03-04,0.479310005903244
2015-03-05,0.46219125390052795
2015-03-06,0.4473250210285187
2015-03-07,0.38249874114990234
2015-03-08,0.2825937569141388
2015-03-09,0.20494376122951508
2015-03-10,0.1995687335729599
2015-03-11,0.20782999694347382
2015-03-12,0.21217750012874603
2015-03-13,0.27499374747276306
2015-03-14,0.321126252412796
2015-03-15,0.4006449580192566
2015-03-16,0.4706900119781494
2015-03-17,0.4670700132846832
2015-03-18,0.4632412791252136
2015-03-19,0.4414237439632416
2015-03-20,0.4524286985397339
2015-03-21,0.47019749879837036
2015-03-22,0.4711024761199951
2015-03-23,0.4919624924659729
2015-03-24,0.543586254119873
2015-03-25,0.5314674973487854
2015-03-26,0.61176997423172
2015-03-27,0.6224512457847595
2015-03-28,0.622997522354126
2015-03-29,0.6686387062072754
2015-03-30,0.67781001329422
2015-03-31,0.7225837111473083
2015-04-01,0.7193962335586548
2015-04-02,0.7328199744224548
2015-04-03,0.7651374340057373
2015-04-04,0.7644150257110596
2015-04-05,0.670229971408844
2015-04-06,0.6354900002479553
2015-04-07,0.6723212003707886
2015-04-08,0.7142699956893921
2015-04-09,0.8047762513160706
2015-04-10,0.9461449384689331
2015-04-11,1.001756191253662
2015-04-12,1.0097625255584717
2015-04-13,1.0465999841690063
2015-04-14,1.1217924356460571
2015-04-15,1.0843561887741089
2015-04-16,1.101449966430664
2015-04-17,1.2278950214385986
2015-04-18,1.1956087350845337
2015-04-19,1.1679049730300903
2015-04-20,1.1371073722839355
2015-04-21,1.1583012342453003
2015-04-22,1.1470599174499512
2015-04-23,1.1080588102340698
2015-04-24,1.0595524311065674
2015-04-25,1.0469599962234497
2015-04-26,1.0476000308990479
2015-04-27,1.0739461183547974
2015-04-28,1.1049799919128418
2015-04-29,1.1294699907302856
2015-04-30,1.1371337175369263
2015-05-01,1.1618037223815918
2015-05-02,1.1791398525238037
2015-05-03,1.1211973428726196
2015-05-04,1.0976899862289429
2015-05-05,1.032156229019165
2015-05-06,0.9650012254714966
2015-05-07,0.9084611535072327
2015-05-08,0.8740236759185791
2015-05-09,0.8581687211990356
2015-05-10,0.8645862340927124
2015-05-11,0.8611600399017334
2015-05-12,0.9092762470245361
2015-05-13,0.978948712348938
2015-05-14,0.9850512742996216
2015-05-15,0.9618287086486816
2015-05-16,0.8538336753845215
2015-05-17,0.7303423881530762
2015-05-18,0.7484962344169617
2015-05-19,0.7460262179374695
2015-05-20,0.718153715133667
2015-05-21,0.796866238117218
2015-05-22,0.9120287299156189
2015-05-23,0.9760287404060364
2015-05-24,1.007712483406067
2015-05-25,0.9971849322319031
2015-05-26,1.112149953842163
2015-05-27,1.2396361827850342
2015-05-28,1.2477138042449951
2015-05-29,1.1791887283325195
2015-05-30,1.1576462984085083
2015-05-31,1.160426139831543
2015-06-01,1.1363649368286133
2015-06-02,1.1422336101531982
2015-06-03,1.1376638412475586
2015-06-04,1.1542524099349976
2015-06-05,1.125093698501587
2015-06-06,1.1074336767196655
2015-06-07,1.172589898109436
2015-06-08,1.147932529449463
2015-06-09,1.1128649711608887
2015-06-10,1.0951337814331055
2015-06-11,1.124112606048584
2015-06-12,1.0804387331008911
2015-06-13,1.0021861791610718
2015-06-14,1.0148512125015259
2015-06-15,1.0802161693572998
2015-06-16,1.1804399490356445
2015-06-17,1.3047475814819336
2015-06-18,1.3357576131820679
2015-06-19,1.351119875907898
2015-06-20,1.4297362565994263
2015-06-21,1.4998812675476074
2015-06-22,1.4456526041030884
2015-06-23,1.3801262378692627
2015-06-24,1.3264336585998535
2015-06-25,1.3752875328063965
2015-06-26,1.4903837442398071
2015-06-27,1.5275837182998657
2015-06-28,1.5148149728775024
2015-06-29,1.4647138118743896
2015-06-30,1.384564995765686
2015-07-01,1.388529896736145
2015-07-02,1.3647199869155884
2015-07-03,1.3843048810958862
2015-07-04,1.479446291923523
2015-07-05,1.5299335718154907
2015-07-06,1.5631273984909058
2015-07-07,1.5350812673568726
2015-07-08,1.507949948310852
2015-07-09,1.5237524509429932
2015-07-10,1.527437448501587
2015-07-11,1.4836498498916626
2015-07-12,1.449948787689209
2015-07-13,1.4858224391937256
2015-07-14,1.5511674880981445
2015-07-15,1.6180524826049805
2015-07-16,1.6873373985290527
2015-07-17,1.646877408027649
2015-07-18,1.556404948234558
2015-07-19,1.5178413391113281
2015-07-20,1.4399675130844116
2015-07-21,1.3338499069213867
2015-07-22,1.2463537454605103
2015-07-23,1.2300798892974854
2015-07-24,1.2309999465942383
2015-07-25,1.3113387823104858
2015-07-26,1.4079475402832031
2015-07-27,1.51825749874115
2015-07-28,1.4956562519073486
2015-07-29,1.4512437582015991
2015-07-30,1.4037524461746216
2015-07-31,1.4212099313735962
2015-08-01,1.3884148597717285
2015-08-02,1.4785261154174805
2015-08-03,1.5403048992156982
2015-08-04,1.5387235879898071
2015-08-05,1.6338012218475342
2015-08-06,1.6943937540054321
2015-08-07,1.7977099418640137
2015-08-08,1.7968474626541138
2015-08-09,1.7392387390136719
2015-08-10,1.7266610860824585
2015-08-11,1.7663949728012085
2015-08-12,1.7905875444412231
2015-08-13,1.8703912496566772
2015-08-14,1.9211074113845825
2015-08-15,1.9608536958694458
2015-08-16,1.8927712440490723
2015-08-17,1.8715810775756836
2015-08-18,1.8551100492477417
2015-08-19,1.8313937187194824
2015-08-20,1.896704912185669
2015-08-21,1.9638136625289917
2015-08-22,1.984684944152832
2015-08-23,1.94939124584198
2015-08-24,1.8984099626541138
2015-08-25,1.9557013511657715
2015-08-26,1.9822536706924438
2015-08-27,1.9404449462890625
2015-08-28,1.8558849096298218
2015-08-29,1.7635512351989746
2015-08-30,1.7019211053848267
2015-08-31,1.6233798265457153
2015-09-01,1.5936663150787354
2015-09-02,1.6269036531448364
2015-09-03,1.682672381401062
2015-09-04,1.7495149374008179
2015-09-05,1.772167444229126
2015-09-06,1.7717063426971436
2015-09-07,1.789081335067749
2015-09-08,1.7287037372589111
2015-09-09,1.6318949460983276
2015-09-10,1.6375499963760376
2015-09-11,1.609802484512329
2015-09-12,1.62965989112854
2015-09-13,1.8008849620819092
2015-09-14,1.9074162244796753
2015-09-15,1.9736162424087524
2015-09-16,1.9621636867523193
2015-09-17,2.018742322921753
2015-09-18,2.074143886566162
2015-09-19,2.148391008377075
2015-09-20,2.1575074195861816
2015-09-21,2.1151700019836426
2015-09-22,2.0259687900543213
2015-09-23,2.036691188812256
2015-09-24,2.038156270980835
2015-09-25,2.028552532196045
2015-09-26,2.061142683029175
2015-09-27,2.0511200428009033
2015-09-28,2.0113887786865234
2015-09-29,2.016172409057617
2015-09-30,2.0820937156677246
2015-10-01,2.1472511291503906
2015-10-02,2.200753927230835
2015-10-03,2.1437087059020996
2015-10-04,2.0508687496185303
2015-10-05,2.0075361728668213
2015-10-06,2.086538791656494
2015-10-07,2.1834211349487305
2015-10-08,2.2339210510253906
2015-10-09,2.292714834213257
2015-10-10,2.2526962757110596
2015-10-11,2.258528709411621
2015-10-12,2.2272300720214844
2015-10-13,2.2323548793792725
2015-10-14,2.280113697052002
2015-10-15,2.3182425498962402
2015-10-16,2.335780143737793
2015-10-17,2.398566246032715
2015-10-18,2.4509999752044678
2015-10-19,2.500251054763794
2015-10-20,2.5204062461853027
2015-10-21,2.5243113040924072
2015-10-22,2.5204124450683594
2015-10-23,2.525372266769409
2015-10-24,2.4835047721862793
2015-10-25,2.4850597381591797
2015-10-26,2.5108325481414795
2015-10-27,2.654728412628174
2015-10-28,2.79307222366333
2015-10-29,2.7548887729644775
2015-10-30,2.7204575538635254
2015-10-31,2.701664924621582
2015-11-01,2.720383882522583
2015-11-02,2.7855749130249023
2015-11-03,2.814194917678833
2015-11-04,2.8002798557281494
2015-11-05,2.8260464668273926
2015-11-06,2.8529462814331055
2015-11-07,2.831044912338257
2015-11-08,2.870971202850342
2015-11-09,2.8948638439178467
2015-11-10,2.9130136966705322
2015-11-11,2.9436373710632324
2015-11-12,3.019174814224243
2015-11-13,3.089768648147583
2015-11-14,3.162635087966919
2015-11-15,3.220343589782715
2015-11-16,3.2565324306488037
2015-11-17,3.287001132965088
2015-11-18,3.283493757247925
2015-11-19,3.2733538150787354
2015-11-20,3.2164111137390137
2015-11-21,3.1475861072540283
2015-11-22,3.1150460243225098
2015-11-23,3.1395912170410156
2015-11-24,3.147517681121826
2015-11-25,3.106837511062622
2015-11-26,3.1145901679992676
2015-11-27,3.125849962234497
2015-11-28,3.046144962310791
2015-11-29,3.0003585815429688
2015-11-30,2.992537260055542
2015-12-01,2.939296245574951
2015-12-02,2.819584846496582
2015-12-03,2.6456263065338135
2015-12-04,2.4964873790740967
2015-12-05,2.365879774093628
2015-12-06,2.3288700580596924
2015-12-07,2.456143617630005
2015-12-08,2.5554161071777344
2015-12-09,2.590474843978882
2015-12-10,2.627387285232544
2015-12-11,2.6425485610961914
2015-12-12,2.6300859451293945
2015-12-13,2.6331050395965576
2015-12-14,2.6143972873687744
2015-12-15,2.575395107269287
2015-12-16,2.5819199085235596
2015-12-17,2.5987513065338135
2015-12-18,2.6125800609588623
2015-12-19,2.6391963958740234
2015-12-20,2.6380248069763184
2015-12-21,2.623863697052002
2015-12-22,2.573967218399048
2015-12-23,2.4928836822509766
2015-12-24,2.4202260971069336
2015-12-25,2.4380836486816406
2015-12-26,2.4315149784088135
2015-12-27,2.4483535289764404
2015-12-28,2.394643545150757
2015-12-29,2.42012882232666
2015-12-30,2.3676297664642334
2015-12-31,2.2897250652313232
2016-01-01,2.1824896335601807
2016-01-02,2.147674798965454
2016-01-03,2.166233539581299
2016-01-04,2.232609748840332
2016-01-05,2.2620575428009033
2016-01-06,2.3409149646759033
2016-01-07,2.3174386024475098
2016-01-08,2.3850936889648438
2016-01-09,2.4572339057922363
2016-01-10,2.5329251289367676
2016-01-11,2.587279796600342
2016-01-12,2.626556158065796
2016-01-13,2.6633448600769043
2016-01-14,2.65631103515625
2016-01-15,2.61088490486145
2016-01-16,2.5500612258911133
2016-01-17,2.553626298904419
2016-01-18,2.6027636528015137
2016-01-19,2.595750093460083
2016-01-20,2.5979037284851074
2016-01-21,2.5894951820373535
2016-01-22,2.580915927886963
2016-01-23,2.5592613220214844
2016-01-24,2.5961198806762695
2016-01-25,2.6182363033294678
2016-01-26,2.5858325958251953
2016-01-27,2.589578866958618
2016-01-28,2.5878124237060547
2016-01-29,2.5612175464630127
2016-01-30,2.533982515335083
2016-01-31,2.4966187477111816
2016-02-01,2.4782650470733643
2016-02-02,2.5188848972320557
2016-02-03,2.5321497917175293
2016-02-04,2.520314931869507
2016-02-05,2.4920825958251953
2016-02-06,2.4728822708129883
2016-02-07,2.504453659057617
2016-02-08,2.4907925128936768
2016-02-09,2.485975980758667
2016-02-10,2.4525301456451416
2016-02-11,2.4238197803497314
2016-02-12,2.3591935634613037
2016-02-13,2.2664287090301514
2016-02-14,2.2575600147247314
2016-02-15,2.2169735431671143
2016-02-16,2.1781258583068848
2016-02-17,2.166569709777832
2016-02-18,2.127159833908081
2016-02-19,2.11106014251709
2016-02-20,2.051270008087158
2016-02-21,2.0082311630249023
2016-02-22,1.982872486114502
2016-02-23,1.9154387712478638
2016-02-24,1.9452061653137207
2016-02-25,1.961711049079895
2016-02-26,1.9492037296295166
2016-02-27,1.9968937635421753
2016-02-28,1.9949337244033813
2016-02-29,1.98583984375
2016-03-01,1.9619736671447754
2016-03-02,1.933343768119812
2016-03-03,1.88527250289917
2016-03-04,1.9161250591278076
2016-03-05,1.9353349208831787
2016-03-06,1.9218674898147583
2016-03-07,1.873752474784851
2016-03-08,1.8611687421798706
2016-03-09,1.8374712467193604
2016-03-10,1.85477876663208
2016-03-11,1.8513013124465942
2016-03-12,1.7555837631225586
2016-03-13,1.710668683052063
2016-03-14,1.6499924659729004
2016-03-15,1.6635299921035767
2016-03-16,1.6651250123977661
2016-03-17,1.658006191253662
2016-03-18,1.6419837474822998
2016-03-19,1.6112250089645386
2016-03-20,1.5698823928833008
2016-03-21,1.4981149435043335
2016-03-22,1.447523832321167
2016-03-23,1.4572900533676147
2016-03-24,1.448178768157959
2016-03-25,1.4266999959945679
2016-03-26,1.4167875051498413
2016-03-27,1.4337363243103027
2016-03-28,1.4983550310134888
2016-03-29,1.4292573928833008
2016-03-30,1.3966912031173706
2016-03-31,1.3277825117111206
2016-04-01,1.2393574714660645
2016-04-02,1.1916298866271973
2016-04-03,1.1561625003814697
2016-04-04,1.1747162342071533
2016-04-05,1.1896274089813232
2016-04-06,1.1651161909103394
2016-04-07,1.2401050329208374
2016-04-08,1.354273796081543
2016-04-09,1.4091699123382568
2016-04-10,1.3576624393463135
2016-04-11,1.3189224004745483
2016-04-12,1.248324990272522
2016-04-13,1.1984524726867676
2016-04-14,1.1867424249649048
2016-04-15,1.1389449834823608
2016-04-16,1.0673699378967285
2016-04-17,1.0667774677276611
2016-04-18,1.0912848711013794
2016-04-19,1.1526411771774292
2016-04-20,1.1515474319458008
2016-04-21,1.1944799423217773
2016-04-22,1.1362049579620361
2016-04-23,1.1195050477981567
2016-04-24,1.0524237155914307
2016-04-25,1.0708562135696411
2016-04-26,0.9130025506019592
2016-04-27,0.8292437791824341
2016-04-28,0.7324512600898743
2016-04-29,0.7283137440681458
2016-04-30,0.811346173286438
2016-05-01,0.8524737358093262
2016-05-02,0.7681424617767334
2016-05-03,0.6664900183677673
2016-05-04,0.7469499707221985
2016-05-05,0.796366274356842
2016-05-06,0.8595787286758423
2016-05-07,0.8761112093925476
2016-05-08,0.8533412218093872
2016-05-09,0.7783787250518799
2016-05-10,0.6615849733352661
2016-05-11,0.5839300155639648
2016-05-12,0.4430849552154541
2016-05-13,0.36856749653816223
2016-05-14,0.2872850000858307
2016-05-15,0.26081371307373047
2016-05-16,0.2514662444591522
2016-05-17,0.2306012362241745
2016-05-18,0.1787000149488449
2016-05-19,0.1433749794960022
2016-05-20,0.00883873738348484
2016-05-21,-0.036718763411045074
2016-05-22,-0.07132373750209808
2016-05-23,-0.08369126170873642
2016-05-24,-0.016092490404844284
2016-05-25,0.0724162608385086
2016-05-26,0.058331236243247986
2016-05-27,-0.011450004763901234
2016-05-28,-0.057544998824596405
2016-05-29,0.01150749996304512
2016-05-30,0.030486244708299637
2016-05-31,-0.04973626881837845
2016-06-01,-0.048977501690387726
2016-06-02,-0.0539112463593483
2016-06-03,0.013538757339119911
2016-06-04,0.09945500642061234
2016-06-05,0.15806123614311218
2016-06-06,0.09596125036478043
2016-06-07,0.18648377060890198
2016-06-08,0.20979498326778412
2016-06-09,0.29938000440597534
2016-06-10,0.32089999318122864
2016-06-11,0.41118499636650085
2016-06-12,0.5358737111091614
2016-06-13,0.6020937561988831
2016-06-14,0.6097412109375
2016-06-15,0.6522412300109863
2016-06-16,0.5621037483215332
2016-06-17,0.4585387408733368
2016-06-18,0.3265862464904785
2016-06-19,0.16315750777721405
2016-06-20,0.09064749628305435
2016-06-21,-0.01009999867528677
2016-06-22,-0.08223999291658401
2016-06-23,-0.21117249131202698
2016-06-24,-0.3212524950504303
2016-06-25,-0.39618751406669617
2016-06-26,-0.3692162334918976
2016-06-27,-0.2661599814891815
2016-06-28,-0.08505373448133469
2016-06-29,0.08699626475572586
2016-06-30,0.17294873297214508
2016-07-01,0.08218374103307724
2016-07-02,0.029458733275532722
2016-07-03,-0.019771255552768707
2016-07-04,-0.08936873823404312
2016-07-05,-0.17068874835968018
2016-07-06,-0.25302499532699585
2016-07-07,-0.3166387379169464
2016-07-08,-0.3237999975681305
2016-07-09,-0.26090875267982483
2016-07-10,-0.2851850092411041
2016-07-11,-0.3308825194835663
2016-07-12,-0.36278876662254333
2016-07-13,-0.4131324887275696
2016-07-14,-0.4449574947357178
2016-07-15,-0.4485362470149994
2016-07-16,-0.4531162679195404
2016-07-17,-0.45762625336647034
2016-07-18,-0.4488775134086609
2016-07-19,-0.4275137186050415
2016-07-20,-0.38465622067451477
2016-07-21,-0.3788287341594696
2016-07-22,-0.41581249237060547
2016-07-23,-0.4476037621498108
2016-07-24,-0.48838624358177185
2016-07-25,-0.4536237418651581
2016-07-26,-0.37156251072883606
2016-07-27,-0.3337475061416626
2016-07-28,-0.3795837461948395
2016-07-29,-0.4337637424468994
2016-07-30,-0.40665873885154724
2016-07-31,-0.3594450056552887
2016-08-01,-0.3214224874973297
2016-08-02,-0.3171199858188629
2016-08-03,-0.34840497374534607
2016-08-04,-0.3848074972629547
2016-08-05,-0.3612687289714813
2016-08-06,-0.3546712398529053
2016-08-07,-0.42588502168655396
2016-08-08,-0.44137871265411377
2016-08-09,-0.4769412577152252
2016-08-10,-0.48934251070022583
2016-08-11,-0.4692925214767456
2016-08-12,-0.4198387563228607
2016-08-13,-0.38290876150131226
2016-08-14,-0.35746124386787415
2016-08-15,-0.34741246700286865
2016-08-16,-0.35878998041152954
2016-08-17,-0.39941999316215515
2016-08-18,-0.4327000081539154
2016-08-19,-0.4694287180900574
2016-08-20,-0.557333767414093
2016-08-21,-0.6448062658309937
2016-08-22,-0.685971200466156
2016-08-23,-0.681505024433136
2016-08-24,-0.6256849765777588
2016-08-25,-0.5884761810302734
2016-08-26,-0.5187099575996399
2016-08-27,-0.4466874897480011
2016-08-28,-0.39281249046325684
2016-08-29,-0.3765625059604645
2016-08-30,-0.35852253437042236
2016-08-31,-0.42076376080513
2016-09-01,-0.4271712601184845
2016-09-02,-0.46221375465393066
2016-09-03,-0.48221248388290405
2016-09-04,-0.4688374698162079
2016-09-05,-0.4619850218296051
2016-09-06,-0.45029374957084656
2016-09-07,-0.4269450008869171
2016-09-08,-0.39244621992111206
2016-09-09,-0.42032498121261597
2016-09-10,-0.4732762277126312
2016-09-11,-0.5353299379348755
2016-09-12,-0.5293262004852295
2016-09-13,-0.49850374460220337
2016-09-14,-0.4818987250328064
2016-09-15,-0.5053287148475647
2016-09-16,-0.5595187544822693
2016-09-17,-0.5432587265968323
2016-09-18,-0.47671499848365784
2016-09-19,-0.40568000078201294
2016-09-20,-0.32835498452186584
2016-09-21,-0.24691125750541687
2016-09-22,-0.17746499180793762
2016-09-23,-0.19304998219013214
2016-09-24,-0.24262124300003052
2016-09-25,-0.30242499709129333
2016-09-26,-0.3485124707221985
2016-09-27,-0.3991674780845642
2016-09-28,-0.4277712404727936
2016-09-29,-0.4641387462615967
2016-09-30,-0.5164749622344971
2016-10-01,-0.6104099750518799
2016-10-02,-0.6704311966896057
2016-10-03,-0.7384024858474731
2016-10-04,-0.8074762225151062
2016-10-05,-0.8138213157653809
2016-10-06,-0.8069761991500854
2016-10-07,-0.7859237790107727
2016-10-08,-0.7160374522209167
2016-10-09,-0.6312624216079712
2016-10-10,-0.5655674934387207
2016-10-11,-0.5134099721908569
2016-10-12,-0.44829249382019043
2016-10-13,-0.4484761953353882
2016-10-14,-0.504001259803772
2016-10-15,-0.6107562184333801
2016-10-16,-0.6717299818992615
2016-10-17,-0.6874424815177917
2016-10-18,-0.6871287226676941
2016-10-19,-0.7055200338363647
2016-10-20,-0.688847541809082
2016-10-21,-0.6088137030601501
2016-10-22,-0.5541625022888184
2016-10-23,-0.48965996503829956
2016-10-24,-0.483358770608902
2016-10-25,-0.5293611884117126
2016-10-26,-0.5565024614334106
2016-10-27,-0.601984977722168
2016-10-28,-0.6423087120056152
2016-10-29,-0.6679849624633789
2016-10-30,-0.7035174369812012
2016-10-31,-0.7348287105560303
2016-11-01,-0.6984874606132507
2016-11-02,-0.6063862442970276
2016-11-03,-0.5222387313842773
2016-11-04,-0.5022799968719482
2016-11-05,-0.49654749035835266
2016-11-06,-0.5392924547195435
2016-11-07,-0.5333136916160583
2016-11-08,-0.517989993095398
2016-11-09,-0.5161049962043762
2016-11-10,-0.4771837592124939
2016-11-11,-0.4849950075149536
2016-11-12,-0.48198121786117554
2016-11-13,-0.465054988861084
2016-11-14,-0.44141873717308044
2016-11-15,-0.43537500500679016
2016-11-16,-0.4165399670600891
2016-11-17,-0.3971250057220459
2016-11-18,-0.3960287570953369
2016-11-19,-0.4195674955844879
2016-11-20,-0.45249247550964355
2016-11-21,-0.4458724856376648
2016-11-22,-0.4000062346458435
2016-11-23,-0.38282501697540283
2016-11-24,-0.36872875690460205
2016-11-25,-0.3866425156593323
2016-11-26,-0.37853124737739563
2016-11-27,-0.37136247754096985
2016-11-28,-0.3870599865913391
2016-11-29,-0.3823562562465668
2016-11-30,-0.2926824986934662
2016-12-01,-0.19370998442173004
2016-12-02,-0.1821799874305725
2016-12-03,-0.2216624915599823
2016-12-04,-0.20798999071121216
2016-12-05,-0.18535123765468597
2016-12-06,-0.201516255736351
2016-12-07,-0.21787500381469727
2016-12-08,-0.25628501176834106
2016-12-09,-0.3380025029182434
2016-12-10,-0.39982497692108154
2016-12-11,-0.42213621735572815
2016-12-12,-0.3975374698638916
2016-12-13,-0.36321374773979187
2016-12-14,-0.3239324986934662
2016-12-15,-0.31638625264167786
2016-12-16,-0.3398725092411041
2016-12-17,-0.3668437600135803
2016-12-18,-0.38447996973991394
2016-12-19,-0.43441247940063477
2016-12-20,-0.4637087285518646
2016-12-21,-0.41500124335289
2016-12-22,-0.34563499689102173
2016-12-23,-0.2767525017261505
2016-12-24,-0.21990875899791718
2016-12-25,-0.14974749088287354
2016-12-26,-0.12333248555660248
2016-12-27,-0.14079000055789948
2016-12-28,-0.1459375023841858
2016-12-29,-0.15633875131607056
2016-12-30,-0.2253049910068512
2016-12-31,-0.28559625148773193
2017-01-01,-0.3339724838733673
2017-01-02,-0.3533187210559845
2017-01-03,-0.38154372572898865
2017-01-04,-0.378116250038147
2017-01-05,-0.3812849819660187
2017-01-06,-0.3926612436771393
2017-01-07,-0.4043687582015991
2017-01-08,-0.38927245140075684
2017-01-09,-0.3871212303638458
2017-01-10,-0.4094787538051605
2017-01-11,-0.36281874775886536
2017-01-12,-0.26518622040748596
2017-01-13,-0.20832499861717224
2017-01-14,-0.14563749730587006
2017-01-15,-0.1569337397813797
2017-01-16,-0.13833999633789062
2017-01-17,-0.1367587447166443
2017-01-18,-0.12303125113248825
2017-01-19,-0.16397874057292938
2017-01-20,-0.23207874596118927
2017-01-21,-0.25172877311706543
2017-01-22,-0.3083399832248688
2017-01-23,-0.34606873989105225
2017-01-24,-0.41231998801231384
2017-01-25,-0.3562375009059906
2017-01-26,-0.4545837342739105
2017-01-27,-0.5235387682914734
2017-01-28,-0.5858199596405029
2017-01-29,-0.5592374801635742
2017-01-30,-0.4993799924850464
2017-01-31,-0.539503812789917
2017-02-01,-0.5681225061416626
2017-02-02,-0.514326274394989
2017-02-03,-0.47235625982284546
2017-02-04,-0.4061524569988251
2017-02-05,-0.28737872838974
2017-02-06,-0.21589498221874237
2017-02-07,-0.4213787615299225
2017-02-08,-0.2865549921989441
2017-02-09,-0.332022488117218
2017-02-10,-0.19068625569343567
2017-02-11,0.019461248070001602
2017-02-12,0.17705748975276947
2017-02-13,0.3058587312698364
2017-02-14,0.4669249951839447
2017-02-15,0.4649624824523926
2017-02-16,0.44986748695373535
2017-02-17,0.34268122911453247
2017-02-18,0.19272500276565552
2017-02-19,0.10773749649524689
2017-02-20,0.13972748816013336
2017-02-21,0.11551875621080399
2017-02-22,0.17429499328136444
2017-02-23,0.2151075005531311
2017-02-24,0.25787249207496643
2017-02-25,0.26034748554229736
2017-02-26,0.218424990773201
2017-02-27,0.23082497715950012
2017-02-28,0.17358249425888062
2017-03-01,0.08249624818563461
2017-03-02,-0.009825007990002632
2017-03-03,-0.03505374491214752
2017-03-04,-0.03605125471949577
2017-03-05,0.0015037612756714225
2017-03-06,0.0523112453520298
2017-03-07,0.11463874578475952
2017-03-08,0.13216626644134521
2017-03-09,0.12708623707294464
2017-03-10,0.11195874959230423
2017-03-11,0.07211500406265259
2017-03-12,0.07304999232292175
2017-03-13,0.14275124669075012
2017-03-14,0.27893373370170593
2017-03-15,0.33383744955062866
2017-03-16,0.32173749804496765
2017-03-17,0.3286762535572052
2017-03-18,0.3314899802207947
2017-03-19,0.33281370997428894
2017-03-20,0.3017149567604065
2017-03-21,0.2896537482738495
2017-03-22,0.30198249220848083
2017-03-23,0.3150637149810791
2017-03-24,0.32735496759414673
2017-03-25,0.3005862534046173
2017-03-26,0.2947250008583069
2017-03-27,0.31285250186920166
2017-03-28,0.27459999918937683
2017-03-29,0.2760712206363678
2017-03-30,0.2710087299346924
2017-03-31,0.24904875457286835
2017-04-01,0.2510550022125244
2017-04-02,0.25362876057624817
2017-04-03,0.2571199834346771
2017-04-04,0.32322001457214355
2017-04-05,0.40144872665405273
2017-04-06,0.40592873096466064
2017-04-07,0.39705124497413635
2017-04-08,0.4038262367248535
2017-04-09,0.3876912295818329
2017-04-10,0.3163062334060669
2017-04-11,0.26961249113082886
2017-04-12,0.31102874875068665
2017-04-13,0.3850487470626831
2017-04-14,0.5394349694252014
2017-04-15,0.7051762342453003
2017-04-16,0.8272449970245361
2017-04-17,0.841232419013977
2017-04-18,0.7213000059127808
2017-04-19,0.6125837564468384
2017-04-20,0.5356049537658691
2017-04-21,0.483519971370697
2017-04-22,0.45073622465133667
2017-04-23,0.5120875239372253
2017-04-24,0.592739999294281
2017-04-25,0.5941050052642822
2017-04-26,0.6017287373542786
2017-04-27,0.590056300163269
2017-04-28,0.5768375396728516
2017-04-29,0.5297424793243408
2017-04-30,0.46358373761177063
2017-05-01,0.4178224802017212
2017-05-02,0.41399621963500977
2017-05-03,0.45131248235702515
2017-05-04,0.44508248567581177
2017-05-05,0.4188624918460846
2017-05-06,0.46012499928474426
2017-05-07,0.5917849540710449
2017-05-08,0.6104949712753296
2017-05-09,0.6077975034713745
2017-05-10,0.563414990901947
2017-05-11,0.4977874755859375
2017-05-12,0.45436251163482666
2017-05-13,0.4419500231742859
2017-05-14,0.48506873846054077
2017-05-15,0.5123562812805176
2017-05-16,0.46027871966362
2017-05-17,0.4222012460231781
2017-05-18,0.46919751167297363
2017-05-19,0.4635162353515625
2017-05-20,0.47327250242233276
2017-05-21,0.49423497915267944
2017-05-22,0.5547924637794495
2017-05-23,0.6073737144470215
2017-05-24,0.6440825462341309
2017-05-25,0.6570537686347961
2017-05-26,0.6709949970245361
2017-05-27,0.6900612115859985
2017-05-28,0.6685450077056885
2017-05-29,0.6381049752235413
2017-05-30,0.6064687371253967
2017-05-31,0.5685887336730957
2017-06-01,0.5099512338638306
2017-06-02,0.4835262596607208
2017-06-03,0.4772237241268158
2017-06-04,0.45715123414993286
2017-06-05,0.462423712015152
2017-06-06,0.5079599618911743
2017-06-07,0.5272212028503418
2017-06-08,0.5045875310897827
2017-06-09,0.48199495673179626
2017-06-10,0.40923872590065
2017-06-11,0.43171125650405884
2017-06-12,0.5280737280845642
2017-06-13,0.6125524640083313
2017-06-14,0.6457762718200684
2017-06-15,0.6426011919975281
2017-06-16,0.638026237487793
2017-06-17,0.6336987018585205
2017-06-18,0.5953587889671326
2017-06-19,0.5836912393569946
2017-06-20,0.5805237293243408
2017-06-21,0.6152662634849548
2017-06-22,0.6340687274932861
2017-06-23,0.6538999676704407
2017-06-24,0.6741262078285217
2017-06-25,0.7221012115478516
2017-06-26,0.6461862921714783
2017-06-27,0.5775212645530701
2017-06-28,0.6121562719345093
2017-06-29,0.6350088119506836
2017-06-30,0.5852999687194824
2017-07-01,0.55503249168396
2017-07-02,0.5850124955177307
2017-07-03,0.6420349478721619
2017-07-04,0.6907587051391602
2017-07-05,0.6650174856185913
2017-07-06,0.6321899890899658
2017-07-07,0.6207299828529358
2017-07-08,0.5784812569618225
2017-07-09,0.5404500365257263
2017-07-10,0.5320562720298767
2017-07-11,0.5353274941444397
2017-07-12,0.5459487438201904
2017-07-13,0.5241338014602661
2017-07-14,0.4829062521457672
2017-07-15,0.4603174924850464
2017-07-16,0.42943620681762695
2017-07-17,0.4178674817085266
2017-07-18,0.3786975145339966
2017-07-19,0.3561787009239197
2017-07-20,0.35624125599861145
2017-07-21,0.3474224805831909
2017-07-22,0.3481824994087219
2017-07-23,0.28343623876571655
2017-07-24,0.16804873943328857
2017-07-25,0.09733125567436218
2017-07-26,0.16157998144626617
2017-07-27,0.19855999946594238
2017-07-28,0.22131749987602234
2017-07-29,0.27128997445106506
2017-07-30,0.2944037616252899
2017-07-31,0.2781825065612793
2017-08-01,0.21561500430107117
2017-08-02,0.17694126069545746
2017-08-03,0.15367625653743744
2017-08-04,0.10491499304771423
2017-08-05,0.04349500313401222
2017-08-06,-0.01873374544084072
2017-08-07,-0.0328499972820282
2017-08-08,-0.04365624487400055
2017-08-09,0.027693752199411392
2017-08-10,0.07418875396251678
2017-08-11,0.08222874253988266
2017-08-12,0.05461375415325165
2017-08-13,-0.01643499732017517
2017-08-14,-0.03854750469326973
2017-08-15,-0.050099991261959076
2017-08-16,-0.0856349915266037
2017-08-17,-0.015350006520748138
2017-08-18,0.021040000021457672
2017-08-19,0.005531246308237314
2017-08-20,-0.05030374228954315
2017-08-21,-0.11502374708652496
2017-08-22,-0.10208750516176224
2017-08-23,-0.0002949981717392802
2017-08-24,0.0325624980032444
2017-08-25,0.05395375192165375
2017-08-26,0.08109501004219055
2017-08-27,0.07500625401735306
2017-08-28,-0.007108749356120825
2017-08-29,-0.10178498923778534
2017-08-30,-0.1728537380695343
2017-08-31,-0.27059000730514526
2017-09-01,-0.3691824972629547
2017-09-02,-0.4219462275505066
2017-09-03,-0.4272024929523468
2017-09-04,-0.44717249274253845
2017-09-05,-0.45179498195648193
2017-09-06,-0.46241873502731323
2017-09-07,-0.4257887601852417
2017-09-08,-0.3662324845790863
2017-09-09,-0.3441024720668793
2017-09-10,-0.31869372725486755
2017-09-11,-0.344837486743927
2017-09-12,-0.33087000250816345
2017-09-13,-0.28129875659942627
2017-09-14,-0.2801262438297272
2017-09-15,-0.2924037575721741
2017-09-16,-0.3206312656402588
2017-09-17,-0.3236212432384491
2017-09-18,-0.34045499563217163
2017-09-19,-0.4012199640274048
2017-09-20,-0.3787037432193756
2017-09-21,-0.35009124875068665
2017-09-22,-0.29597997665405273
2017-09-23,-0.2175162434577942
2017-09-24,-0.15578500926494598
2017-09-25,-0.1342262476682663
2017-09-26,-0.11673624068498611
2017-09-27,-0.09365124255418777
2017-09-28,-0.054537490010261536
2017-09-29,-0.023077506572008133
2017-09-30,0.022001251578330994
2017-10-01,0.08342749625444412
2017-10-02,0.1502700001001358
2017-10-03,0.19539874792099
2017-10-04,0.19465374946594238
2017-10-05,0.11689874529838562
2017-10-06,0.005193748511373997
2017-10-07,-0.10187499970197678
2017-10-08,-0.2329925000667572
2017-10-09,-0.3583512604236603
2017-10-10,-0.387627512216568
2017-10-11,-0.3541049659252167
2017-10-12,-0.33257248997688293
2017-10-13,-0.32323747873306274
2017-10-14,-0.3026074767112732
2017-10-15,-0.34103497862815857
2017-10-16,-0.42435121536254883
2017-10-17,-0.5463274717330933
2017-10-18,-0.5965062379837036
2017-10-19,-0.6341400146484375
2017-10-20,-0.6811137199401855
2017-10-21,-0.6797712445259094
2017-10-22,-0.5952737331390381
2017-10-23,-0.4999687373638153
2017-10-24,-0.3794437646865845
2017-10-25,-0.3148687481880188
2017-10-26,-0.31186628341674805
2017-10-27,-0.25586122274398804
2017-10-28,-0.25579872727394104
2017-10-29,-0.24873624742031097
2017-10-30,-0.34303876757621765
2017-10-31,-0.38599249720573425
2017-11-01,-0.37181249260902405
2017-11-02,-0.3661224842071533
2017-11-03,-0.39100372791290283
2017-11-04,-0.5103537440299988
2017-11-05,-0.6563687920570374
2017-11-06,-0.715913712978363
2017-11-07,-0.7488724589347839
2017-11-08,-0.776863694190979
2017-11-09,-0.8150136470794678
2017-11-10,-0.8134425282478333
2017-11-11,-0.7940562963485718
2017-11-12,-0.6925162076950073
2017-11-13,-0.6062650084495544
2017-11-14,-0.6226262450218201
2017-11-15,-0.6621999740600586
2017-11-16,-0.6816024780273438
2017-11-17,-0.6766200065612793
2017-11-18,-0.7184749841690063
2017-11-19,-0.7787174582481384
2017-11-20,-0.8049649596214294
2017-11-21,-0.8181824684143066
2017-11-22,-0.8133537173271179
2017-11-23,-0.7904625535011292
2017-11-24,-0.809969961643219
2017-11-25,-0.8264512419700623
2017-11-26,-0.8659699559211731
2017-11-27,-0.9350625276565552
2017-11-28,-0.9687924981117249
2017-11-29,-0.9985811710357666
2017-11-30,-1.0215911865234375
2017-12-01,-1.0283474922180176
2017-12-02,-1.0031663179397583
2017-12-03,-0.9824212789535522
2017-12-04,-0.9368374347686768
2017-12-05,-0.9266011714935303
2017-12-06,-0.8714749813079834
2017-12-07,-0.8348212838172913
2017-12-08,-0.8460624814033508
2017-12-09,-0.8456224203109741
2017-12-10,-0.8288624286651611
2017-12-11,-0.7805112600326538
2017-12-12,-0.8501312136650085
2017-12-13,-0.94533371925354
2017-12-14,-0.9481074810028076
2017-12-15,-0.9975661635398865
2017-12-16,-0.9790162444114685
2017-12-17,-0.9936662316322327
2017-12-18,-0.9589274525642395
2017-12-19,-0.9146887063980103
2017-12-20,-0.8984475135803223
2017-12-21,-0.8911061882972717
2017-12-22,-0.8458112478256226
2017-12-23,-0.807756245136261
2017-12-24,-0.8002462387084961
2017-12-25,-0.8095337152481079
2017-12-26,-0.8086587190628052
2017-12-27,-0.7952249646186829
2017-12-28,-0.7544050216674805
2017-12-29,-0.7963187098503113
2017-12-30,-0.8638036847114563
2017-12-31,-0.963228702545166
2018-01-01,-1.0266437530517578
2018-01-02,-1.1146587133407593
2018-01-03,-1.1247049570083618
2018-01-04,-1.0293937921524048
2018-01-05,-1.0015662908554077
2018-01-06,-0.9936124682426453
2018-01-07,-1.0188562870025635
2018-01-08,-1.0170862674713135
2018-01-09,-0.9816111922264099
2018-01-10,-0.9438112378120422
2018-01-11,-0.8828561902046204
2018-01-12,-0.7940724492073059
2018-01-13,-0.6990412473678589
2018-01-14,-0.6974937319755554
2018-01-15,-0.709119975566864
2018-01-16,-0.6504624485969543
2018-01-17,-0.598069965839386
2018-01-18,-0.5754737257957458
2018-01-19,-0.5871237516403198
2018-01-20,-0.5886899828910828
2018-01-21,-0.5789100527763367
2018-01-22,-0.569466233253479
2018-01-23,-0.633783757686615
2018-01-24,-0.6759037375450134
2018-01-25,-0.6290462613105774
2018-01-26,-0.6072824597358704
2018-01-27,-0.6142362356185913
2018-01-28,-0.6569149494171143
2018-01-29,-0.7203574776649475
2018-01-30,-0.7074949741363525
2018-01-31,-0.6738874316215515
2018-02-01,-0.6818887591362
2018-02-02,-0.7103487253189087
2018-02-03,-0.7390899658203125
2018-02-04,-0.7550725340843201
2018-02-05,-0.7213162779808044
2018-02-06,-0.7076799273490906
2018-02-07,-0.7122312188148499
2018-02-08,-0.704557478427887
2018-02-09,-0.6956374645233154
2018-02-10,-0.7368887662887573
2018-02-11,-0.8254961967468262
2018-02-12,-0.8534674644470215
2018-02-13,-0.8739799857139587
2018-02-14,-0.8446074724197388
2018-02-15,-0.792622447013855
2018-02-16,-0.8606562614440918
2018-02-17,-0.9186437129974365
2018-02-18,-0.9297524690628052
2018-02-19,-0.8971849083900452
2018-02-20,-0.8532999753952026
2018-02-21,-0.8081649541854858
2018-02-22,-0.7044024467468262
2018-02-23,-0.6647462248802185
2018-02-24,-0.6979699730873108
2018-02-25,-0.7499649524688721
2018-02-26,-0.7210075259208679
2018-02-27,-0.7271711826324463
2018-02-28,-0.7639625072479248
2018-03-01,-0.8076674938201904
2018-03-02,-0.8432700037956238
2018-03-03,-0.7856099605560303
2018-03-04,-0.7474762797355652
2018-03-05,-0.7483025193214417
2018-03-06,-0.7495899796485901
2018-03-07,-0.762633740901947
2018-03-08,-0.8277187347412109
2018-03-09,-0.8687862753868103
2018-03-10,-0.8221924304962158
2018-03-11,-0.7528700232505798
2018-03-12,-0.7117062211036682
2018-03-13,-0.6805774569511414
2018-03-14,-0.6960662007331848
2018-03-15,-0.710362434387207
2018-03-16,-0.7242112159729004
2018-03-17,-0.7524762153625488
2018-03-18,-0.8181625008583069
2018-03-19,-0.8834924101829529
2018-03-20,-0.8563662171363831
2018-03-21,-0.8438575267791748
2018-03-22,-0.8530737161636353
2018-03-23,-0.8853211998939514
2018-03-24,-0.9078524708747864
2018-03-25,-0.8527149558067322
2018-03-26,-0.7396349906921387
2018-03-27,-0.6734488010406494
2018-03-28,-0.6394287347793579
2018-03-29,-0.5307912826538086
2018-03-30,-0.4538337290287018
2018-03-31,-0.5224325060844421
2018-04-01,-0.5392924547195435
2018-04-02,-0.5215237140655518
2018-04-03,-0.47995248436927795
2018-04-04,-0.43803873658180237
2018-04-05,-0.4578849673271179
2018-04-06,-0.46901747584342957
2018-04-07,-0.5044800043106079
2018-04-08,-0.4680175185203552
2018-04-09,-0.4040375053882599
2018-04-10,-0.3305186927318573
2018-04-11,-0.322222501039505
2018-04-12,-0.32548752427101135
2018-04-13,-0.3729887306690216
2018-04-14,-0.41416749358177185
2018-04-15,-0.434353768825531
2018-04-16,-0.41322124004364014
2018-04-17,-0.3913012444972992
2018-04-18,-0.3774837255477905
2018-04-19,-0.3431524932384491
2018-04-20,-0.411383718252182
2018-04-21,-0.5519962310791016
2018-04-22,-0.5241374373435974
2018-04-23,-0.36382248997688293
2018-04-24,-0.31832000613212585
2018-04-25,-0.2707275152206421
2018-04-26,-0.23883876204490662
2018-04-27,-0.24525626003742218
2018-04-28,-0.2581624686717987
2018-04-29,-0.27056625485420227
2018-04-30,-0.2734000086784363
2018-05-01,-0.2536587715148926
2018-05-02,-0.21651872992515564
2018-05-03,-0.1749262511730194
2018-05-04,-0.17960374057292938
2018-05-05,-0.19365374743938446
2018-05-06,-0.13828624784946442
2018-05-07,-0.14098374545574188
2018-05-08,-0.21634498238563538
2018-05-09,-0.25374749302864075
2018-05-10,-0.19044999778270721
2018-05-11,-0.0978737622499466
2018-05-12,-0.04843498393893242
2018-05-13,-0.0055849915370345116
2018-05-14,0.03559001162648201
2018-05-15,0.08479749411344528
2018-05-16,0.1075112372636795
2018-05-17,0.1455487459897995
2018-05-18,0.10431250929832458
2018-05-19,0.08869624137878418
2018-05-20,0.10645750164985657
2018-05-21,0.08914747834205627
2018-05-22,0.1123187392950058
2018-05-23,0.10273999720811844
2018-05-24,0.14715375006198883
2018-05-25,0.20403249561786652
2018-05-26,0.19045375287532806
2018-05-27,0.18136249482631683
2018-05-28,0.17611874639987946
2018-05-29,0.11138498783111572
2018-05-30,0.038554999977350235
2018-05-31,0.0041537475772202015
2018-06-01,0.026178749278187752
2018-06-02,0.11161249130964279
2018-06-03,0.16287748515605927
2018-06-04,0.1610800176858902
2018-06-05,0.1489337533712387
2018-06-06,0.12399749457836151
2018-06-07,0.12845999002456665
2018-06-08,0.13843125104904175
2018-06-09,0.1770787537097931
2018-06-10,0.2563774883747101
2018-06-11,0.30336499214172363
2018-06-12,0.3291187584400177
2018-06-13,0.3331562280654907
2018-06-14,0.3051224648952484
2018-06-15,0.2223787158727646
2018-06-16,0.2079874873161316
2018-06-17,0.28913751244544983
2018-06-18,0.4441412687301636
2018-06-19,0.50230872631073
2018-06-20,0.4923049807548523
2018-06-21,0.4963962435722351
2018-06-22,0.5421424508094788
2018-06-23,0.5583199858665466
2018-06-24,0.5679162740707397
2018-06-25,0.5557374954223633
2018-06-26,0.5726875066757202
2018-06-27,0.5799200534820557
2018-06-28,0.6134112477302551
2018-06-29,0.5664861798286438
2018-06-30,0.5720137357711792
2018-07-01,0.531482458114624
2018-07-02,0.47304999828338623
2018-07-03,0.387901246547699
2018-07-04,0.37730374932289124
2018-07-05,0.37076371908187866
2018-07-06,0.37048375606536865
2018-07-07,0.44174623489379883
2018-07-08,0.4976712763309479
2018-07-09,0.47989749908447266
2018-07-10,0.4472787082195282
2018-07-11,0.4177662432193756
2018-07-12,0.4326525032520294
2018-07-13,0.41775500774383545
2018-07-14,0.3479100167751312
2018-07-15,0.32170751690864563
2018-07-16,0.3439037501811981
2018-07-17,0.3557724952697754
2018-07-18,0.35966747999191284
2018-07-19,0.33626624941825867
2018-07-20,0.32243871688842773
2018-07-21,0.3451724946498871
2018-07-22,0.3856325149536133
2018-07-23,0.4212149977684021
2018-07-24,0.36768999695777893
2018-07-25,0.3158787190914154
2018-07-26,0.31458747386932373
2018-07-27,0.33678126335144043
2018-07-28,0.3125374913215637
2018-07-29,0.3071099817752838
2018-07-30,0.32006871700286865
2018-07-31,0.34102997183799744
2018-08-01,0.3566662669181824
2018-08-02,0.3168662488460541
2018-08-03,0.25819501280784607
2018-08-04,0.22580374777317047
2018-08-05,0.21614499390125275
2018-08-06,0.2196362465620041
2018-08-07,0.2414650022983551
2018-08-08,0.25164124369621277
2018-08-09,0.2885199785232544
2018-08-10,0.32274124026298523
2018-08-11,0.43048998713493347
2018-08-12,0.48382872343063354
2018-08-13,0.4914812445640564
2018-08-14,0.4609861969947815
2018-08-15,0.46938997507095337
2018-08-16,0.49721500277519226
2018-08-17,0.4982662498950958
2018-08-18,0.43308621644973755
2018-08-19,0.40221625566482544
2018-08-20,0.40902745723724365
2018-08-21,0.4512712359428406
2018-08-22,0.5007749795913696
2018-08-23,0.47562748193740845
2018-08-24,0.4726649820804596
2018-08-25,0.44136372208595276
2018-08-26,0.3858637511730194
2018-08-27,0.31055748462677
2018-08-28,0.2653837502002716
2018-08-29,0.2597912549972534
2018-08-30,0.3258900046348572
2018-08-31,0.28900623321533203
2018-09-01,0.25114497542381287
2018-09-02,0.27467748522758484
2018-09-03,0.32380250096321106
2018-09-04,0.3721649646759033
2018-09-05,0.36173874139785767
2018-09-06,0.3732837438583374
2018-09-07,0.4277612268924713
2018-09-08,0.4295087158679962
2018-09-09,0.41133373975753784
2018-09-10,0.3676312565803528
2018-09-11,0.31117624044418335
2018-09-12,0.26399123668670654
2018-09-13,0.3057287633419037
2018-09-14,0.30245497822761536
2018-09-15,0.27727875113487244
2018-09-16,0.199421226978302
2018-09-17,0.16074125468730927
2018-09-18,0.18508873879909515
2018-09-19,0.20372247695922852
2018-09-20,0.26320624351501465
2018-09-21,0.2842999994754791
2018-09-22,0.34419623017311096
2018-09-23,0.4854525029659271
2018-09-24,0.5825024247169495
2018-09-25,0.6092462539672852
2018-09-26,0.5833199620246887
2018-09-27,0.5749087333679199
2018-09-28,0.5569924712181091
2018-09-29,0.5649399757385254
2018-09-30,0.7054099440574646
2018-10-01,0.8247600197792053
2018-10-02,0.8614962697029114
2018-10-03,0.8887287378311157
2018-10-04,0.9258549809455872
2018-10-05,0.9538111686706543
2018-10-06,1.008181095123291
2018-10-07,1.0454862117767334
2018-10-08,1.0352123975753784
2018-10-09,1.0678025484085083
2018-10-10,1.1021798849105835
2018-10-11,1.0795886516571045
2018-10-12,1.0448299646377563
2018-10-13,1.0071425437927246
2018-10-14,0.9380537271499634
2018-10-15,0.861097514629364
2018-10-16,0.8506549596786499
2018-10-17,0.8291836977005005
2018-10-18,0.7954949140548706
2018-10-19,0.8435299396514893
2018-10-20,0.9202112555503845
2018-10-21,0.9767487049102783
2018-10-22,1.028691291809082
2018-10-23,1.07622492313385
2018-10-24,1.119089961051941
2018-10-25,1.1265573501586914
2018-10-26,1.090726375579834
2018-10-27,1.0180761814117432
2018-10-28,0.9654662013053894
2018-10-29,1.0012800693511963
2018-10-30,1.1213349103927612
2018-10-31,1.26743745803833
2018-11-01,1.3113175630569458
2018-11-02,1.3114186525344849
2018-11-03,1.3295575380325317
2018-11-04,1.3172550201416016
2018-11-05,1.2671287059783936
2018-11-06,1.1950424909591675
2018-11-07,1.1351125240325928
2018-11-08,1.0762900114059448
2018-11-09,1.041353702545166
2018-11-10,0.9599211812019348
2018-11-11,1.0089374780654907
2018-11-12,1.0750300884246826
2018-11-13,1.1114988327026367
2018-11-14,1.070157527923584
2018-11-15,1.0392199754714966
2018-11-16,1.0426862239837646
2018-11-17,1.0712337493896484
2018-11-18,1.0739449262619019
2018-11-19,1.0842499732971191
2018-11-20,1.0452224016189575
2018-11-21,1.0138537883758545
2018-11-22,1.0130199193954468
2018-11-23,1.0577099323272705
2018-11-24,1.0542124509811401
2018-11-25,1.0670350790023804
2018-11-26,1.0854837894439697
2018-11-27,1.024728775024414
2018-11-28,1.0414862632751465
2018-11-29,1.1192712783813477
2018-11-30,1.1299649477005005
2018-12-01,1.1476086378097534
2018-12-02,1.187828779220581
2018-12-03,1.2160362005233765
2018-12-04,1.236280083656311
2018-12-05,1.2551887035369873
2018-12-06,1.210536241531372
2018-12-07,1.1481913328170776
2018-12-08,1.0532249212265015
2018-12-09,0.9832000136375427
2018-12-10,0.8915212154388428
2018-12-11,0.9312937259674072
2018-12-12,0.9667736887931824
2018-12-13,0.9557098746299744
2018-12-14,0.9465324878692627
2018-12-15,0.9398024678230286
2018-12-16,0.9015411734580994
2018-12-17,0.8863462209701538
2018-12-18,0.8995274901390076
2018-12-19,0.9324262738227844
2018-12-20,1.034141182899475
2018-12-21,1.0641424655914307
2018-12-22,1.0423762798309326
2018-12-23,0.9884699583053589
2018-12-24,0.9677087664604187
2018-12-25,0.9863887429237366
2018-12-26,0.9563124775886536
2018-12-27,0.9178924560546875
2018-12-28,0.8766536712646484
2018-12-29,0.865292489528656
2018-12-30,0.8413425087928772
2018-12-31,0.7792450189590454
2019-01-01,0.7111799716949463
2019-01-02,0.726437509059906
2019-01-03,0.7549275159835815
2019-01-04,0.7505012154579163
2019-01-05,0.7355999946594238
2019-01-06,0.6869750022888184
2019-01-07,0.7067612409591675
2019-01-08,0.7109324932098389
2019-01-09,0.796711266040802
2019-01-10,0.8349999785423279
2019-01-11,0.7715149521827698
2019-01-12,0.7707812786102295
2019-01-13,0.7225899696350098
2019-01-14,0.6635587215423584
2019-01-15,0.6214761734008789
2019-01-16,0.5886749625205994
2019-01-17,0.5841599702835083
2019-01-18,0.5585150122642517
2019-01-19,0.52309250831604
2019-01-20,0.4856012463569641
2019-01-21,0.4515337646007538
2019-01-22,0.4498962163925171
2019-01-23,0.4373775124549866
2019-01-24,0.4626637399196625
2019-01-25,0.5043687224388123
2019-01-26,0.6347487568855286
2019-01-27,0.6677674651145935
2019-01-28,0.6457537412643433
2019-01-29,0.6167662143707275
2019-01-30,0.5835687518119812
2019-01-31,0.5115387439727783
2019-02-01,0.4243900179862976
2019-02-02,0.3922699987888336
2019-02-03,0.4311925172805786
2019-02-04,0.5181400179862976
2019-02-05,0.5352925062179565
2019-02-06,0.48906999826431274
2019-02-07,0.43291497230529785
2019-02-08,0.3725862503051758
2019-02-09,0.3897412419319153
2019-02-10,0.4428524672985077
2019-02-11,0.5570562481880188
2019-02-12,0.6261587142944336
2019-02-13,0.6296937465667725
2019-02-14,0.6057025194168091
2019-02-15,0.5963749885559082
2019-02-16,0.6388711929321289
2019-02-17,0.7252274751663208
2019-02-18,0.7581624984741211
2019-02-19,0.7643387317657471
2019-02-20,0.7590886950492859
2019-02-21,0.7579312920570374
2019-02-22,0.7895087003707886
2019-02-23,0.7960975170135498
2019-02-24,0.8007299900054932
2019-02-25,0.8682324290275574
2019-02-26,0.9780938029289246
2019-02-27,1.0499924421310425
2019-02-28,1.0996674299240112
2019-03-01,1.0479936599731445
2019-03-02,1.0448424816131592
2019-03-03,1.0135637521743774
2019-03-04,1.0526299476623535
2019-03-05,1.0383549928665161
2019-03-06,1.014282464981079
2019-03-07,1.0191800594329834
2019-03-08,1.0427162647247314
2019-03-09,1.0392249822616577
2019-03-10,1.0108799934387207
2019-03-11,0.9742411971092224
2019-03-12,0.9893874526023865
2019-03-13,0.9806587100028992
2019-03-14,1.0209887027740479
2019-03-15,1.0685312747955322
2019-03-16,1.10173499584198
2019-03-17,1.1660925149917603
2019-03-18,1.2095924615859985
2019-03-19,1.1745237112045288
2019-03-20,1.115204930305481
2019-03-21,1.1192736625671387
2019-03-22,1.1005125045776367
2019-03-23,1.0533711910247803
2019-03-24,0.9784587621688843
2019-03-25,0.9471624493598938
2019-03-26,0.9352986812591553
2019-03-27,0.9279549717903137
2019-03-28,0.8999862670898438
2019-03-29,0.8907274603843689
2019-03-30,0.855709969997406
2019-03-31,0.8799375295639038
2019-04-01,0.9260324835777283
2019-04-02,0.9655587077140808
2019-04-03,0.9492986798286438
2019-04-04,0.9181936979293823
2019-04-05,0.8413974642753601
2019-04-06,0.7925050258636475
2019-04-07,0.7674074769020081
2019-04-08,0.7864049673080444
2019-04-09,0.8232624530792236
2019-04-10,0.8509200215339661
2019-04-11,0.8269550204277039
2019-04-12,0.7681462168693542
2019-04-13,0.7956975102424622
2019-04-14,0.8438624739646912
2019-04-15,0.8736937046051025
2019-04-16,0.8821913003921509
2019-04-17,0.8822562098503113
2019-04-18,0.8974725008010864
2019-04-19,0.9229236841201782
2019-04-20,0.9084962010383606
2019-04-21,0.8812249898910522
2019-04-22,0.8311412334442139
2019-04-23,0.8076799511909485
2019-04-24,0.894540011882782
2019-04-25,0.9450675249099731
2019-04-26,0.9679637551307678
2019-04-27,0.9421849846839905
2019-04-28,0.9453311562538147
2019-04-29,0.9389974474906921
2019-04-30,0.9256100058555603
2019-05-01,0.9084487557411194
2019-05-02,0.9088899493217468
2019-05-03,0.9420562982559204
2019-05-04,0.9305124282836914
2019-05-05,0.9318762421607971
2019-05-06,0.9538325071334839
2019-05-07,0.9850987792015076
2019-05-08,0.9743887186050415
2019-05-09,0.8956137299537659
2019-05-10,0.8073987364768982
2019-05-11,0.7445412278175354
2019-05-12,0.6927512288093567
2019-05-13,0.6564311981201172
2019-05-14,0.6632087230682373
2019-05-15,0.6828287243843079
2019-05-16,0.7094337940216064
2019-05-17,0.7218312621116638
2019-05-18,0.7620499730110168
2019-05-19,0.7839312553405762
2019-05-20,0.8317286968231201
2019-05-21,0.8579462170600891
2019-05-22,0.8392274975776672
2019-05-23,0.8010050058364868
2019-05-24,0.8539699912071228
2019-05-25,0.9746862053871155
2019-05-26,1.0274739265441895
2019-05-27,1.1053024530410767
2019-05-28,1.1370699405670166
2019-05-29,1.102952480316162
2019-05-30,1.0418312549591064
2019-05-31,1.024227499961853
2019-06-01,0.9662887454032898
2019-06-02,0.9315086603164673
2019-06-03,0.9299148917198181
2019-06-04,1.0026400089263916
2019-06-05,0.9851974844932556
2019-06-06,0.961477518081665
2019-06-07,0.9303299784660339
2019-06-08,0.8986812829971313
2019-06-09,0.8775324821472168
2019-06-10,0.9197012186050415
2019-06-11,0.9718287587165833
2019-06-12,0.9598336815834045
2019-06-13,0.8901124596595764
2019-06-14,0.8669475317001343
2019-06-15,0.8616450428962708
2019-06-16,0.819531261920929
2019-06-17,0.7859148979187012
2019-06-18,0.7355687022209167
2019-06-19,0.6601524949073792
2019-06-20,0.7004449367523193
2019-06-21,0.7685099840164185
2019-06-22,0.7514199614524841
2019-06-23,0.6517799496650696
2019-06-24,0.5874562859535217
2019-06-25,0.5442862510681152
2019-06-26,0.5320274829864502
2019-06-27,0.5805774331092834
2019-06-28,0.6267062425613403
2019-06-29,0.582895040512085
2019-06-30,0.5696749091148376
2019-07-01,0.5949762463569641
2019-07-02,0.6061275005340576
2019-07-03,0.6296699643135071
2019-07-04,0.6761711835861206
2019-07-05,0.6966124773025513
2019-07-06,0.6961237788200378
2019-07-07,0.6588150262832642
2019-07-08,0.5718637704849243
2019-07-09,0.5252824425697327
2019-07-10,0.5111274719238281
2019-07-11,0.5999324917793274
2019-07-12,0.6899912357330322
2019-07-13,0.7337624430656433
2019-07-14,0.6929911971092224
2019-07-15,0.6467387080192566
2019-07-16,0.5719174742698669
2019-07-17,0.437836229801178
2019-07-18,0.3987712264060974
2019-07-19,0.5111225247383118
2019-07-20,0.602581262588501
2019-07-21,0.6452625393867493
2019-07-22,0.6704949736595154
2019-07-23,0.649709939956665
2019-07-24,0.5923799872398376
2019-07-25,0.5015074610710144
2019-07-26,0.4280649721622467
2019-07-27,0.45139747858047485
2019-07-28,0.5164899826049805
2019-07-29,0.5318700075149536
2019-07-30,0.5179124474525452
2019-07-31,0.5189574956893921
2019-08-01,0.5635712146759033
2019-08-02,0.5875399708747864
2019-08-03,0.5802437663078308
2019-08-04,0.5541862845420837
2019-08-05,0.5076537728309631
2019-08-06,0.40686875581741333
2019-08-07,0.29374000430107117
2019-08-08,0.18241624534130096
2019-08-09,0.13441500067710876
2019-08-10,0.1486474871635437
2019-08-11,0.18639498949050903
2019-08-12,0.20631372928619385
2019-08-13,0.24654123187065125
2019-08-14,0.3000600039958954
2019-08-15,0.29937371611595154
2019-08-16,0.3227587342262268
2019-08-17,0.363498717546463
2019-08-18,0.3474162220954895
2019-08-19,0.26440751552581787
2019-08-20,0.2074274867773056
2019-08-21,0.16115374863147736
2019-08-22,0.12340249866247177
2019-08-23,0.07416749745607376
2019-08-24,0.0213637538254261
2019-08-25,-0.011812492273747921
2019-08-26,0.012393745593726635
2019-08-27,0.02911374717950821
2019-08-28,0.04052000120282173
2019-08-29,0.024978751316666603
2019-08-30,0.007167503237724304
2019-08-31,-0.013887496665120125
2019-09-01,-0.047942496836185455
2019-09-02,-0.07062873989343643
2019-09-03,-0.08372874557971954
2019-09-04,-0.12639500200748444
2019-09-05,-0.1434124857187271
2019-09-06,-0.15670624375343323
2019-09-07,-0.12454625219106674
2019-09-08,-0.14611750841140747
2019-09-09,-0.2667374908924103
2019-09-10,-0.38394874334335327
2019-09-11,-0.4682749807834625
2019-09-12,-0.43519124388694763
2019-09-13,-0.395594984292984
2019-09-14,-0.2820662558078766
2019-09-15,-0.16409499943256378
2019-09-16,-0.03375249728560448
2019-09-17,0.04500124230980873
2019-09-18,0.11845874041318893
2019-09-19,0.22007498145103455
2019-09-20,0.25814002752304077
2019-09-21,0.2531512379646301
2019-09-22,0.23196499049663544
2019-09-23,0.28489625453948975
2019-09-24,0.3316175043582916
2019-09-25,0.3139437139034271
2019-09-26,0.34574249386787415
2019-09-27,0.3685612380504608
2019-09-28,0.3689437210559845
2019-09-29,0.42330875992774963
2019-09-30,0.4965062141418457
2019-10-01,0.5367562174797058
2019-10-02,0.6181550025939941
2019-10-03,0.6171562671661377
2019-10-04,0.5546637773513794
2019-10-05,0.4467562139034271
2019-10-06,0.3739337623119354
2019-10-07,0.3597962558269501
2019-10-08,0.3639024794101715
2019-10-09,0.4341975152492523
2019-10-10,0.521880030632019
2019-10-11,0.5697049498558044
2019-10-12,0.6380574703216553
2019-10-13,0.6397649645805359
2019-10-14,0.6199050545692444
2019-10-15,0.5858525037765503
2019-10-16,0.566668689250946
2019-10-17,0.5527399778366089
2019-10-18,0.6211925148963928
2019-10-19,0.7072612047195435
2019-10-20,0.7551624774932861
2019-10-21,0.7601011991500854
2019-10-22,0.755226194858551
2019-10-23,0.7576887011528015
2019-10-24,0.7616850137710571
2019-10-25,0.7923375368118286
2019-10-26,0.7919612526893616
2019-10-27,0.7966011762619019
2019-10-28,0.804821252822876
2019-10-29,0.7837212085723877
2019-10-30,0.8072575330734253
2019-10-31,0.7917336821556091
2019-11-01,0.7263373732566833
2019-11-02,0.7101200222969055
2019-11-03,0.6601450443267822
2019-11-04,0.6054862141609192
2019-11-05,0.6286587119102478
2019-11-06,0.5930038094520569
2019-11-07,0.5705874562263489
2019-11-08,0.5541024804115295
2019-11-09,0.636981189250946
2019-11-10,0.7481924891471863
2019-11-11,0.817704975605011
2019-11-12,0.8053411841392517
2019-11-13,0.76031494140625
2019-11-14,0.7378012537956238
2019-11-15,0.7165912389755249
2019-11-16,0.6972049474716187
2019-11-17,0.7565562725067139
2019-11-18,0.8502424955368042
2019-11-19,0.8982024788856506
2019-11-20,0.8265336751937866
2019-11-21,0.7324349880218506
2019-11-22,0.632314920425415
2019-11-23,0.6113687753677368
2019-11-24,0.5853599905967712
2019-11-25,0.5477012991905212
2019-11-26,0.5662311911582947
2019-11-27,0.6547362208366394
2019-11-28,0.6658837795257568
2019-11-29,0.6185562610626221
2019-11-30,0.5985974669456482
2019-12-01,0.6019699573516846
2019-12-02,0.6737099885940552
2019-12-03,0.7230386734008789
2019-12-04,0.6473175287246704
2019-12-05,0.5967099666595459
2019-12-06,0.5028124451637268
2019-12-07,0.4133661985397339
2019-12-08,0.4390949606895447
2019-12-09,0.5155824422836304
2019-12-10,0.5509549379348755
2019-12-11,0.546364963054657
2019-12-12,0.5157374739646912
2019-12-13,0.4960174560546875
2019-12-14,0.5252299904823303
2019-12-15,0.5413724780082703
2019-12-16,0.50211501121521
2019-12-17,0.4221450090408325
2019-12-18,0.3740924894809723
2019-12-19,0.4103899896144867
2019-12-20,0.5308299660682678
2019-12-21,0.5490749478340149
2019-12-22,0.466956228017807
2019-12-23,0.44904497265815735
2019-12-24,0.45687249302864075
2019-12-25,0.46073248982429504
2019-12-26,0.3637787401676178
2019-12-27,0.2732287347316742
2019-12-28,0.3361774981021881
2019-12-29,0.47047749161720276
2019-12-30,0.6174387335777283
2019-12-31,0.6494462490081787
2020-01-01,0.6842124462127686
2020-01-02,0.6484887599945068
2020-01-03,0.6575462818145752
2020-01-04,0.6897450089454651
2020-01-05,0.6941636800765991
2020-01-06,0.6783512830734253
2020-01-07,0.5998712182044983
2020-01-08,0.5438874363899231
2020-01-09,0.5001262426376343
2020-01-10,0.5220100283622742
2020-01-11,0.5134062767028809
2020-01-12,0.4625124931335449
2020-01-13,0.45792248845100403
2020-01-14,0.47400498390197754
2020-01-15,0.4784799814224243
2020-01-16,0.42746374011039734
2020-01-17,0.37905624508857727
2020-01-18,0.27226123213768005
2020-01-19,0.31867748498916626
2020-01-20,0.4139287769794464
2020-01-21,0.39956873655319214
2020-01-22,0.3859637379646301
2020-01-23,0.39815375208854675
2020-01-24,0.35749998688697815
2020-01-25,0.3777562379837036
2020-01-26,0.44026002287864685
2020-01-27,0.4550449848175049
2020-01-28,0.46720999479293823
2020-01-29,0.42134252190589905
2020-01-30,0.33035752177238464
2020-01-31,0.31209874153137207
2020-02-01,0.39488622546195984
2020-02-02,0.39785999059677124
2020-02-03,0.30334746837615967
2020-02-04,0.28184249997138977
2020-02-05,0.2358575016260147
2020-02-06,0.2014312446117401
2020-02-07,0.17676372826099396
2020-02-08,0.09914499521255493
2020-02-09,0.09456250071525574
2020-02-10,0.13229000568389893
2020-02-11,0.19742625951766968
2020-02-12,0.19838997721672058
2020-02-13,0.19984124600887299
2020-02-14,0.2707062363624573
2020-02-15,0.31571248173713684
2020-02-16,0.32903626561164856
2020-02-17,0.3180600106716156
2020-02-18,0.37312620878219604
2020-02-19,0.40786123275756836
2020-02-20,0.3879449963569641
2020-02-21,0.3627387583255768
2020-02-22,0.4002162516117096
2020-02-23,0.36970752477645874
2020-02-24,0.30504000186920166
2020-02-25,0.2630949914455414
2020-02-26,0.2665975093841553
2020-02-27,0.26597246527671814
2020-02-28,0.2578974962234497
2020-02-29,0.29402124881744385
2020-03-01,0.2967687249183655
2020-03-02,0.28760626912117004
2020-03-03,0.30150750279426575
2020-03-04,0.3477887511253357
2020-03-05,0.3663562536239624
2020-03-06,0.4008849859237671
2020-03-07,0.42560872435569763
2020-03-08,0.4107874929904938
2020-03-09,0.4052324891090393
2020-03-10,0.3936312198638916
2020-03-11,0.3922937214374542
2020-03-12,0.4592037498950958
2020-03-13,0.5282424688339233
2020-03-14,0.5831825137138367
2020-03-15,0.6624512076377869
2020-03-16,0.7075761556625366
2020-03-17,0.723164975643158
2020-03-18,0.7303850054740906
2020-03-19,0.7350999712944031
2020-03-20,0.6949099898338318
2020-03-21,0.6660386919975281
2020-03-22,0.6538524627685547
2020-03-23,0.6421200037002563
2020-03-24,0.5545586943626404
2020-03-25,0.44777876138687134
2020-03-26,0.41887250542640686
2020-03-27,0.42994001507759094
2020-03-28,0.44750121235847473
2020-03-29,0.3634450137615204
2020-03-30,0.3743337094783783
2020-03-31,0.5058362483978271
2020-04-01,0.5420650243759155
2020-04-02,0.5167074799537659
2020-04-03,0.5218237042427063
2020-04-04,0.5290625095367432
2020-04-05,0.5211699604988098
2020-04-06,0.47499001026153564
2020-04-07,0.49235498905181885
2020-04-08,0.5538899898529053
2020-04-09,0.586247444152832
2020-04-10,0.6048136949539185
2020-04-11,0.6099549531936646
2020-04-12,0.5967837572097778
2020-04-13,0.5879337191581726
2020-04-14,0.6322774887084961
2020-04-15,0.7128936648368835
2020-04-16,0.70310378074646
2020-04-17,0.6576549410820007
2020-04-18,0.5940974950790405
2020-04-19,0.5648112297058105
2020-04-20,0.5690761804580688
2020-04-21,0.5909362435340881
2020-04-22,0.5935837626457214
2020-04-23,0.5892274975776672
2020-04-24,0.5734562277793884
2020-04-25,0.5240999460220337
2020-04-26,0.5046586990356445
2020-04-27,0.4410587251186371
2020-04-28,0.4177524745464325
2020-04-29,0.3998062312602997
2020-04-30,0.34001871943473816
2020-05-01,0.2708349823951721
2020-05-02,0.23938749730587006
2020-05-03,0.1837187558412552
2020-05-04,0.14665624499320984
2020-05-05,0.09416124224662781
2020-05-06,0.05267375335097313
2020-05-07,0.11353375017642975
2020-05-08,0.10975624620914459
2020-05-09,0.0606825016438961
2020-05-10,-0.040738750249147415
2020-05-11,-0.08299873769283295
2020-05-12,-0.10787499696016312
2020-05-13,-0.16110122203826904
2020-05-14,-0.2735787332057953
2020-05-15,-0.3767862617969513
2020-05-16,-0.39832252264022827
2020-05-17,-0.3405262529850006
2020-05-18,-0.30802246928215027
2020-05-19,-0.3207787573337555
2020-05-20,-0.26730626821517944
2020-05-21,-0.1876937597990036
2020-05-22,-0.2093774974346161
2020-05-23,-0.289187490940094
2020-05-24,-0.3262537121772766
2020-05-25,-0.33718374371528625
2020-05-26,-0.3279400169849396
2020-05-27,-0.2759862244129181
2020-05-28,-0.2204200178384781
2020-05-29,-0.1771487593650818
2020-05-30,-0.16228874027729034
2020-05-31,-0.15968374907970428
2020-06-01,-0.1150049939751625
2020-06-02,-0.059757500886917114
2020-06-03,-0.004457489121705294
2020-06-04,-0.06674375385046005
2020-06-05,-0.13347625732421875
2020-06-06,-0.17264001071453094
2020-06-07,-0.28148001432418823
2020-06-08,-0.28390875458717346
2020-06-09,-0.20003625750541687
2020-06-10,-0.2044687569141388
2020-06-11,-0.22818873822689056
2020-06-12,-0.25754377245903015
2020-06-13,-0.26500874757766724
2020-06-14,-0.22929000854492188
2020-06-15,-0.21230748295783997
2020-06-16,-0.1730237454175949
2020-06-17,-0.17225375771522522
2020-06-18,-0.22601498663425446
2020-06-19,-0.23119623959064484
2020-06-20,-0.24999499320983887
2020-06-21,-0.21601998805999756
2020-06-22,-0.1263750046491623
2020-06-23,-0.04307124391198158
2020-06-24,0.020561255514621735
2020-06-25,0.0930825024843216
2020-06-26,0.13761499524116516
2020-06-27,0.14245498180389404
2020-06-28,0.13189874589443207
2020-06-29,0.16256622970104218
2020-06-30,0.09416498988866806
2020-07-01,0.029647499322891235
2020-07-02,-0.009508751332759857
2020-07-03,0.01035500317811966
2020-07-04,0.085618756711483
2020-07-05,0.1293649971485138
2020-07-06,0.22099372744560242
2020-07-07,0.3043825030326843
2020-07-08,0.30894625186920166
2020-07-09,0.30015748739242554
2020-07-10,0.25055623054504395
2020-07-11,0.1398325115442276
2020-07-12,0.02430500090122223
2020-07-13,-0.02129499800503254
2020-07-14,-0.03692750260233879
2020-07-15,-0.10020250082015991
2020-07-16,-0.14234749972820282
2020-07-17,-0.07169249653816223
2020-07-18,0.01714249886572361
2020-07-19,0.06314874440431595
2020-07-20,0.05503498762845993
2020-07-21,-0.02221749909222126
2020-07-22,-0.053909994661808014
2020-07-23,-0.04646499454975128
2020-07-24,-0.027879998087882996
2020-07-25,-0.055094994604587555
2020-07-26,-0.12228125333786011
2020-07-27,-0.18106375634670258
2020-07-28,-0.20570500195026398
2020-07-29,-0.2752487361431122
2020-07-30,-0.3578062355518341
2020-07-31,-0.4162362217903137
2020-08-01,-0.42724373936653137
2020-08-02,-0.45519372820854187
2020-08-03,-0.4653737246990204
2020-08-04,-0.49220752716064453
2020-08-05,-0.5075687766075134
2020-08-06,-0.5058200359344482
2020-08-07,-0.5361112356185913
2020-08-08,-0.625941276550293
2020-08-09,-0.6983649730682373
2020-08-10,-0.6990336775779724
2020-08-11,-0.6314312815666199
2020-08-12,-0.5347237586975098
2020-08-13,-0.3547612726688385
2020-08-14,-0.24593622982501984
2020-08-15,-0.22985124588012695
2020-08-16,-0.2832224667072296
2020-08-17,-0.3398287296295166
2020-08-18,-0.37407249212265015
2020-08-19,-0.43472999334335327
2020-08-20,-0.5213562250137329
2020-08-21,-0.5615324974060059
2020-08-22,-0.5320212244987488
2020-08-23,-0.5176162123680115
2020-08-24,-0.5481637716293335
2020-08-25,-0.5654549598693848
2020-08-26,-0.5444200038909912
2020-08-27,-0.47791624069213867
2020-08-28,-0.36747872829437256
2020-08-29,-0.37498122453689575
2020-08-30,-0.46098247170448303
2020-08-31,-0.5713424682617188
2020-09-01,-0.5920050144195557
2020-09-02,-0.618707537651062
2020-09-03,-0.6111699938774109
2020-09-04,-0.5946212410926819
2020-09-05,-0.5512649416923523
2020-09-06,-0.5491562485694885
2020-09-07,-0.5625699758529663
2020-09-08,-0.5708387494087219
2020-09-09,-0.5997412204742432
2020-09-10,-0.6128162145614624
2020-09-11,-0.6298974752426147
2020-09-12,-0.643926203250885
2020-09-13,-0.6164425015449524
2020-09-14,-0.5410212278366089
2020-09-15,-0.49748873710632324
2020-09-16,-0.5107237696647644
2020-09-17,-0.5607049465179443
2020-09-18,-0.6346200108528137
2020-09-19,-0.6785500049591064
2020-09-20,-0.6957112550735474
2020-09-21,-0.6971999406814575
2020-09-22,-0.7078437209129333
2020-09-23,-0.7043224573135376
2020-09-24,-0.6818437576293945
2020-09-25,-0.7033975124359131
2020-09-26,-0.7273011803627014
2020-09-27,-0.7148099541664124
2020-09-28,-0.6484912037849426
2020-09-29,-0.6302874684333801
2020-09-30,-0.6347174644470215
2020-10-01,-0.647765040397644
2020-10-02,-0.6540912389755249
2020-10-03,-0.6906111836433411
2020-10-04,-0.748017430305481
2020-10-05,-0.7990474700927734
2020-10-06,-0.7424449324607849
2020-10-07,-0.6943199634552002
2020-10-08,-0.7678324580192566
2020-10-09,-0.8629000186920166
2020-10-10,-0.9173687696456909
2020-10-11,-0.9302887320518494
2020-10-12,-0.9468125104904175
2020-10-13,-0.9542999863624573
2020-10-14,-0.9858800172805786
2020-10-15,-1.0349363088607788
2020-10-16,-1.0534875392913818
2020-10-17,-1.0293562412261963
2020-10-18,-1.0106874704360962
2020-10-19,-1.0457223653793335
2020-10-20,-1.1161248683929443
2020-10-21,-1.1450124979019165
2020-10-22,-1.141897439956665
2020-10-23,-1.1481174230575562
2020-10-24,-1.1545825004577637
2020-10-25,-1.2268112897872925
2020-10-26,-1.3810112476348877
2020-10-27,-1.4895312786102295
2020-10-28,-1.6218712329864502
2020-10-29,-1.6679024696350098
2020-10-30,-1.7202438116073608
2020-10-31,-1.681192398071289
2020-11-01,-1.5838898420333862
2020-11-02,-1.4158674478530884
2020-11-03,-1.2969099283218384
2020-11-04,-1.24395751953125
2020-11-05,-1.2173573970794678
2020-11-06,-1.1976299285888672
2020-11-07,-1.1513662338256836
2020-11-08,-0.9905049204826355
2020-11-09,-0.8459636569023132
2020-11-10,-0.8226812481880188
2020-11-11,-0.8375487923622131
2020-11-12,-0.8022324442863464
2020-11-13,-0.7791025042533875
2020-11-14,-0.7551437616348267
2020-11-15,-0.7164962291717529
2020-11-16,-0.725216269493103
2020-11-17,-0.7981662154197693
2020-11-18,-0.9332724809646606
2020-11-19,-1.0326811075210571
2020-11-20,-0.9951124787330627
2020-11-21,-1.0179587602615356
2020-11-22,-1.0555087327957153
2020-11-23,-1.0497462749481201
2020-11-24,-1.0328898429870605
2020-11-25,-1.0366863012313843
2020-11-26,-1.085017442703247
2020-11-27,-1.1431286334991455
2020-11-28,-1.1672512292861938
2020-11-29,-1.1862112283706665
2020-11-30,-1.1827161312103271
2020-12-01,-1.2066298723220825
2020-12-02,-1.2138200998306274
2020-12-03,-1.1291325092315674
2020-12-04,-1.081496238708496
2020-12-05,-1.0561362504959106
2020-12-06,-1.0117524862289429
2020-12-07,-0.9331099987030029
2020-12-08,-0.8947137594223022
2020-12-09,-0.8887799978256226
2020-12-10,-0.9150350093841553
2020-12-11,-0.928427517414093
2020-12-12,-0.9080525040626526
2020-12-13,-0.8746887445449829
2020-12-14,-0.8074637651443481
2020-12-15,-0.8024861812591553
2020-12-16,-0.8123624324798584
2020-12-17,-0.8466024994850159
2020-12-18,-0.856163740158081
2020-12-19,-0.8409174680709839
2020-12-20,-0.8788875341415405
2020-12-21,-0.9020674228668213
2020-12-22,-0.8935211896896362
2020-12-23,-0.8412524461746216
2020-12-24,-0.847599983215332
2020-12-25,-0.8629000186920166
2020-12-26,-0.9197462201118469
2020-12-27,-0.9292600154876709
2020-12-28,-0.9267662167549133
2020-12-29,-0.9292412400245667
2020-12-30,-0.9870874881744385
2020-12-31,-1.0395100116729736
2021-01-01,-1.056688666343689
2021-01-02,-1.0433599948883057
2021-01-03,-1.0384423732757568
2021-01-04,-1.0718861818313599
2021-01-05,-1.103086233139038
2021-01-06,-1.1175413131713867
2021-01-07,-1.0357288122177124
2021-01-08,-1.0095187425613403
2021-01-09,-1.0452936887741089
2021-01-10,-1.063765048980713
2021-01-11,-1.0353161096572876
2021-01-12,-0.9934011697769165
2021-01-13,-1.0147249698638916
2021-01-14,-1.042951226234436
2021-01-15,-1.113741159439087
2021-01-16,-1.1445661783218384
2021-01-17,-1.1260862350463867
2021-01-18,-1.084456205368042
2021-01-19,-1.0101274251937866
2021-01-20,-0.8930912017822266
2021-01-21,-0.8161424398422241
2021-01-22,-0.8018100261688232
2021-01-23,-0.7881374359130859
2021-01-24,-0.7838512063026428
2021-01-25,-0.7963149547576904
2021-01-26,-0.8192974925041199
2021-01-27,-0.8383575081825256
2021-01-28,-0.8514786958694458
2021-01-29,-0.883282482624054
2021-01-30,-0.8889374732971191
2021-01-31,-0.9425024390220642
2021-02-01,-0.9217262864112854
2021-02-02,-0.8958724737167358
2021-02-03,-0.8955386877059937
2021-02-04,-0.8829687237739563
2021-02-05,-0.8777837753295898
2021-02-06,-0.8688549995422363
2021-02-07,-0.8397612571716309
2021-02-08,-0.8707137703895569
2021-02-09,-0.9987549781799316
2021-02-10,-1.0405386686325073
2021-02-11,-1.075233817100525
2021-02-12,-1.0368261337280273
2021-02-13,-0.9834412932395935
2021-02-14,-0.9358862042427063
2021-02-15,-0.8885887265205383
2021-02-16,-0.7708762288093567
2021-02-17,-0.7377700209617615
2021-02-18,-0.7256625294685364
2021-02-19,-0.7571586966514587
2021-02-20,-0.8056737184524536
2021-02-21,-0.8950174450874329
2021-02-22,-0.9910724759101868
2021-02-23,-1.0212924480438232
2021-02-24,-1.0738886594772339
2021-02-25,-1.1716536283493042
2021-02-26,-1.270108699798584
2021-02-27,-1.26131010055542
2021-02-28,-1.199486255645752
2021-03-01,-1.0975362062454224
2021-03-02,-0.9798849821090698
2021-03-03,-0.8118287324905396
2021-03-04,-0.6841337084770203
2021-03-05,-0.5997112393379211
2021-03-06,-0.4970199465751648
2021-03-07,-0.3420087397098541
2021-03-08,-0.28035247325897217
2021-03-09,-0.28381749987602234
2021-03-10,-0.34285876154899597
2021-03-11,-0.4091549813747406
2021-03-12,-0.4281337261199951
2021-03-13,-0.42780500650405884
2021-03-14,-0.44798749685287476
2021-03-15,-0.49559998512268066
2021-03-16,-0.509283721446991
2021-03-17,-0.512056291103363
2021-03-18,-0.5148637294769287
2021-03-19,-0.49634498357772827
2021-03-20,-0.49542248249053955
2021-03-21,-0.48093998432159424
2021-03-22,-0.4915512502193451
2021-03-23,-0.5161324739456177
2021-03-24,-0.5457637310028076
2021-03-25,-0.5517950057983398
2021-03-26,-0.5241562128067017
2021-03-27,-0.530317485332489
2021-03-28,-0.5616412162780762
2021-03-29,-0.5912137627601624
2021-03-30,-0.5714974999427795
2021-03-31,-0.5515374541282654
2021-04-01,-0.5239399671554565
2021-04-02,-0.5011774897575378
2021-04-03,-0.4931049942970276
2021-04-04,-0.4893674850463867
2021-04-05,-0.4987574815750122
2021-04-06,-0.48051121830940247
2021-04-07,-0.480137437582016
2021-04-08,-0.49004870653152466
2021-04-09,-0.5081049799919128
2021-04-10,-0.49478498101234436
2021-04-11,-0.47001251578330994
2021-04-12,-0.4209599494934082
2021-04-13,-0.4127049446105957
2021-04-14,-0.3878237307071686
2021-04-15,-0.35845747590065
2021-04-16,-0.3690037131309509
2021-04-17,-0.3921687602996826
2021-04-18,-0.4006737470626831
2021-04-19,-0.37655121088027954
2021-04-20,-0.3829424977302551
2021-04-21,-0.45703747868537903
2021-04-22,-0.5166049599647522
2021-04-23,-0.5248774886131287
2021-04-24,-0.47024622559547424
2021-04-25,-0.43795374035835266
2021-04-26,-0.33383873105049133
2021-04-27,-0.3348049819469452
2021-04-28,-0.3851949870586395
2021-04-29,-0.38954874873161316
2021-04-30,-0.3844137489795685
2021-05-01,-0.3259749710559845
2021-05-02,-0.2850337326526642
2021-05-03,-0.2962699830532074
2021-05-04,-0.3104187548160553
2021-05-05,-0.31040123105049133
2021-05-06,-0.3152412176132202
2021-05-07,-0.3245362639427185
2021-05-08,-0.3090662658214569
2021-05-09,-0.25806623697280884
2021-05-10,-0.2590025067329407
2021-05-11,-0.29237625002861023
2021-05-12,-0.31673499941825867
2021-05-13,-0.2883312404155731
2021-05-14,-0.23413749039173126
2021-05-15,-0.1658574938774109
2021-05-16,-0.14011500775814056
2021-05-17,-0.13113749027252197
2021-05-18,-0.09874624758958817
2021-05-19,-0.08240500092506409
2021-05-20,-0.1091499924659729
2021-05-21,-0.12442124634981155
2021-05-22,-0.14588499069213867
2021-05-23,-0.1551699936389923
2021-05-24,-0.1649474948644638
2021-05-25,-0.1437462419271469
2021-05-26,-0.11819874495267868
2021-05-27,-0.124052494764328
2021-05-28,-0.13891249895095825
2021-05-29,-0.1261662393808365
2021-05-30,-0.07376375049352646
2021-05-31,-0.0388299934566021
2021-06-01,-0.06577375531196594
2021-06-02,-0.04032750800251961
2021-06-03,-0.02844875678420067
2021-06-04,0.018436243757605553
2021-06-05,0.0732012391090393
2021-06-06,0.10570748895406723
2021-06-07,0.18767373263835907
2021-06-08,0.20119373500347137
2021-06-09,0.20437371730804443
2021-06-10,0.2003525048494339
2021-06-11,0.14756375551223755
2021-06-12,0.179812490940094
2021-06-13,0.19179747998714447
2021-06-14,0.15797749161720276
2021-06-15,0.13435624539852142
2021-06-16,0.12721499800682068
2021-06-17,0.17009499669075012
2021-06-18,0.1662299782037735
2021-06-19,0.16364748775959015
2021-06-20,0.15813875198364258
2021-06-21,0.15759500861167908
2021-06-22,0.16504748165607452
2021-06-23,0.22496874630451202
2021-06-24,0.23294249176979065
2021-06-25,0.19875623285770416
2021-06-26,0.21901249885559082
2021-06-27,0.2682599723339081
2021-06-28,0.29355624318122864
2021-06-29,0.2965012192726135
2021-06-30,0.25785747170448303
2021-07-01,0.21533499658107758
2021-07-02,0.2400062531232834
2021-07-03,0.21922248601913452
2021-07-04,0.1859475076198578
2021-07-05,0.1414487510919571
2021-07-06,0.15691374242305756
2021-07-07,0.0750812515616417
2021-07-08,-0.002254999242722988
2021-07-09,-0.023428741842508316
2021-07-10,0.02432374469935894
2021-07-11,0.039437491446733475
2021-07-12,0.04938749969005585
2021-07-13,0.015683747828006744
2021-07-14,0.018211252987384796
2021-07-15,0.04369000345468521
2021-07-16,0.032065004110336304
2021-07-17,-0.01191624440252781
2021-07-18,-0.09925000369548798
2021-07-19,-0.1697637438774109
2021-07-20,-0.18960250914096832
2021-07-21,-0.18758000433444977
2021-07-22,-0.11044125258922577
2021-07-23,-0.034786246716976166
2021-07-24,0.024130001664161682
2021-07-25,0.006598747335374355
2021-07-26,-0.08998499065637589
2021-07-27,-0.21844249963760376
2021-07-28,-0.36602625250816345
2021-07-29,-0.4382387399673462
2021-07-30,-0.4248024821281433
2021-07-31,-0.3209799826145172
2021-08-01,-0.27003124356269836
2021-08-02,-0.27477625012397766
2021-08-03,-0.29585498571395874
2021-08-04,-0.3116312623023987
2021-08-05,-0.32506000995635986
2021-08-06,-0.27267125248908997
2021-08-07,-0.22397124767303467
2021-08-08,-0.21522626280784607
2021-08-09,-0.21915124356746674
2021-08-10,-0.18881374597549438
2021-08-11,-0.11469874531030655
2021-08-12,-0.0944950059056282
2021-08-13,-0.04462374374270439
2021-08-14,-0.012986252084374428
2021-08-15,-0.006705001927912235
2021-08-16,-0.05159124732017517
2021-08-17,-0.11440125852823257
2021-08-18,-0.1554974913597107
2021-08-19,-0.21709249913692474
2021-08-20,-0.265827476978302
2021-08-21,-0.2765737473964691
2021-08-22,-0.24646249413490295
2021-08-23,-0.2490362524986267
2021-08-24,-0.2644162178039551
2021-08-25,-0.29644376039505005
2021-08-26,-0.29293373227119446
2021-08-27,-0.25758999586105347
2021-08-28,-0.2319599688053131
2021-08-29,-0.2038949877023697
2021-08-30,-0.22037498652935028
2021-08-31,-0.2550112307071686
2021-09-01,-0.25930124521255493
2021-09-02,-0.2512262463569641
2021-09-03,-0.2596762478351593
2021-09-04,-0.20830126106739044
2021-09-05,-0.17284876108169556
2021-09-06,-0.13967624306678772
2021-09-07,-0.12265998870134354
2021-09-08,-0.08367250114679337
2021-09-09,-0.0622674934566021
2021-09-10,-0.07319124042987823
2021-09-11,-0.1370224952697754
2021-09-12,-0.16967123746871948
2021-09-13,-0.2116125077009201
2021-09-14,-0.2661062180995941
2021-09-15,-0.3417337238788605
2021-09-16,-0.3301037549972534
2021-09-17,-0.2757774591445923
2021-09-18,-0.22244998812675476
2021-09-19,-0.20417748391628265
2021-09-20,-0.21521373093128204
2021-09-21,-0.24029497802257538
2021-09-22,-0.22197873890399933
2021-09-23,-0.18805624544620514
2021-09-24,-0.1723487377166748
2021-09-25,-0.2015475034713745
2021-09-26,-0.2508224844932556
2021-09-27,-0.3496987223625183
2021-09-28,-0.38880372047424316
2021-09-29,-0.39637622237205505
2021-09-30,-0.40710246562957764
2021-10-01,-0.40073877573013306
2021-10-02,-0.4362837076187134
2021-10-03,-0.4945325255393982
2021-10-04,-0.4760175049304962
2021-10-05,-0.44543126225471497
2021-10-06,-0.4406000077724457
2021-10-07,-0.45272499322891235
2021-10-08,-0.45694875717163086
2021-10-09,-0.458071231842041
2021-10-10,-0.48687875270843506
2021-10-11,-0.5391049981117249
2021-10-12,-0.5910374522209167
2021-10-13,-0.6265649199485779
2021-10-14,-0.7459812164306641
2021-10-15,-0.8121662139892578
2021-10-16,-0.8305336833000183
2021-10-17,-0.8096061944961548
2021-10-18,-0.7705436944961548
2021-10-19,-0.7508349418640137
2021-10-20,-0.7249624729156494
2021-10-21,-0.7179136872291565
2021-10-22,-0.7583187222480774
2021-10-23,-0.8167662620544434
2021-10-24,-0.8508824706077576
2021-10-25,-0.8957437872886658
2021-10-26,-0.9449724555015564
2021-10-27,-1.0011361837387085
2021-10-28,-1.0023537874221802
2021-10-29,-0.9894624352455139
2021-10-30,-0.9326062202453613
2021-10-31,-0.9464687705039978
2021-11-01,-0.8902174830436707
2021-11-02,-0.8483213186264038
2021-11-03,-0.75986248254776
2021-11-04,-0.6646362543106079
2021-11-05,-0.6174961924552917
2021-11-06,-0.5914074778556824
2021-11-07,-0.6231387257575989
2021-11-08,-0.6769037246704102
2021-11-09,-0.7039849758148193
2021-11-10,-0.7238462567329407
2021-11-11,-0.7284111976623535
2021-11-12,-0.7329325079917908
2021-11-13,-0.7324149012565613
2021-11-14,-0.7301937341690063
2021-11-15,-0.7003824710845947
2021-11-16,-0.6622025370597839
2021-11-17,-0.6597974896430969
2021-11-18,-0.6460862159729004
2021-11-19,-0.612021267414093
2021-11-20,-0.5712937116622925
2021-11-21,-0.5542362332344055
2021-11-22,-0.5185462832450867
2021-11-23,-0.4615899920463562
2021-11-24,-0.4587399959564209
2021-11-25,-0.5008937120437622
2021-11-26,-0.5695112347602844
2021-11-27,-0.6160562038421631
2021-11-28,-0.6501999497413635
2021-11-29,-0.6786786913871765
2021-11-30,-0.7223712205886841
2021-12-01,-0.7837862372398376
2021-12-02,-0.8433124423027039
2021-12-03,-0.8738824725151062
2021-12-04,-0.8809099793434143
2021-12-05,-0.936933696269989
2021-12-06,-0.9562812447547913
2021-12-07,-0.9585087895393372
2021-12-08,-0.9667161703109741
2021-12-09,-0.9874224662780762
2021-12-10,-1.0079162120819092
2021-12-11,-0.9982187747955322
2021-12-12,-1.003767490386963
2021-12-13,-1.0033737421035767
2021-12-14,-1.0156124830245972
2021-12-15,-1.0399749279022217
2021-12-16,-1.0521974563598633
2021-12-17,-1.0217262506484985
2021-12-18,-0.9638662338256836
2021-12-19,-0.9242824912071228
2021-12-20,-0.9021986722946167
2021-12-21,-0.9150899648666382
2021-12-22,-0.957608699798584
2021-12-23,-1.0149562358856201
2021-12-24,-1.0516061782836914
2021-12-25,-1.0544298887252808
2021-12-26,-1.0374350547790527
2021-12-27,-1.0303125381469727
2021-12-28,-1.0468761920928955
2021-12-29,-1.0714625120162964
2021-12-30,-1.0707162618637085
2021-12-31,-1.069018840789795
2022-01-01,-1.0711312294006348
2022-01-02,-1.0622361898422241
2022-01-03,-1.0498100519180298
2022-01-04,-1.0422335863113403
2022-01-05,-1.0520637035369873
2022-01-06,-1.0353761911392212
2022-01-07,-0.9988349676132202
2022-01-08,-0.9597674608230591
2022-01-09,-0.934374988079071
2022-01-10,-0.9245612621307373
2022-01-11,-0.9246312379837036
2022-01-12,-0.8863486647605896
2022-01-13,-0.8333762288093567
2022-01-14,-0.801108717918396
2022-01-15,-0.7936387658119202
2022-01-16,-0.8012637495994568
2022-01-17,-0.8306699991226196
2022-01-18,-0.8924174904823303
2022-01-19,-0.9458250403404236
2022-01-20,-0.9596574306488037
2022-01-21,-0.9494363069534302
2022-01-22,-0.9182837605476379
2022-01-23,-0.8629412055015564
2022-01-24,-0.7965274453163147
2022-01-25,-0.7504687309265137
2022-01-26,-0.7334662079811096
2022-01-27,-0.7683937549591064
2022-01-28,-0.7929912805557251
2022-01-29,-0.7878788113594055
2022-01-30,-0.7647162079811096
2022-01-31,-0.7447425127029419
2022-02-01,-0.7386962175369263
2022-02-02,-0.7395700216293335
2022-02-03,-0.7267425060272217
2022-02-04,-0.7228087186813354
2022-02-05,-0.7363249659538269
2022-02-06,-0.7354024648666382
2022-02-07,-0.720087468624115
2022-02-08,-0.6833674907684326
2022-02-09,-0.6713749766349792
2022-02-10,-0.7053662538528442
2022-02-11,-0.7429074645042419
2022-02-12,-0.7526849508285522
2022-02-13,-0.7505987286567688
2022-02-14,-0.7499537467956543
2022-02-15,-0.7474237084388733
2022-02-16,-0.7463024854660034
2022-02-17,-0.7403125166893005
2022-02-18,-0.7507149577140808
2022-02-19,-0.7669949531555176
2022-02-20,-0.8513774275779724
2022-02-21,-0.8668012619018555
2022-02-22,-0.8870212435722351
2022-02-23,-0.8954524993896484
2022-02-24,-0.9039575457572937
2022-02-25,-0.9008099436759949
2022-02-26,-0.9171099662780762
2022-02-27,-0.956676185131073
2022-02-28,-0.9990286827087402
2022-03-01,-1.0408713817596436
2022-03-02,-1.085763692855835
2022-03-03,-1.0923161506652832
2022-03-04,-1.0796512365341187
2022-03-05,-1.056730031967163
2022-03-06,-1.0226675271987915
2022-03-07,-0.9652737379074097
2022-03-08,-0.9209324717521667
2022-03-09,-0.8936562538146973
2022-03-10,-0.8916499614715576
2022-03-11,-0.9094812273979187
2022-03-12,-0.9478912353515625
2022-03-13,-0.9490575194358826
2022-03-14,-0.9470800161361694
2022-03-15,-0.9357649683952332
2022-03-16,-0.9283099174499512
2022-03-17,-0.9046825170516968
2022-03-18,-0.8856237530708313
2022-03-19,-0.8702574372291565
2022-03-20,-0.8732175230979919
2022-03-21,-0.8503987789154053
2022-03-22,-0.8384525179862976
2022-03-23,-0.8075461983680725
2022-03-24,-0.7609575390815735
2022-03-25,-0.7116761207580566
2022-03-26,-0.6857137680053711
2022-03-27,-0.6695449948310852
2022-03-28,-0.6795474886894226
2022-03-29,-0.6981424689292908
2022-03-30,-0.6929625272750854
2022-03-31,-0.6852074861526489
2022-04-01,-0.6623449921607971
2022-04-02,-0.6818311810493469
2022-04-03,-0.69559246301651
2022-04-04,-0.7338587045669556
2022-04-05,-0.768875002861023
2022-04-06,-0.7941949367523193
2022-04-07,-0.8119612336158752
2022-04-08,-0.8106300234794617
2022-04-09,-0.8159412145614624
2022-04-10,-0.8290024399757385
2022-04-11,-0.8410837650299072
2022-04-12,-0.8494549989700317
2022-04-13,-0.836976170539856
2022-04-14,-0.8236899971961975
2022-04-15,-0.8268049359321594
2022-04-16,-0.8363600373268127
2022-04-17,-0.8251861929893494
2022-04-18,-0.7946099042892456
2022-04-19,-0.8082075119018555
2022-04-20,-0.8364325165748596
2022-04-21,-0.846792459487915
2022-04-22,-0.8649749755859375
2022-04-23,-0.8997200131416321
2022-04-24,-0.9396499395370483
2022-04-25,-0.9744812250137329
2022-04-26,-0.9911324381828308
2022-04-27,-1.0081613063812256
2022-04-28,-1.0194536447525024
2022-04-29,-1.027284860610962
2022-04-30,-1.0268900394439697
2022-05-01,-1.0383787155151367
2022-05-02,-1.0485312938690186
2022-05-03,-1.03129243850708
2022-05-04,-1.022108793258667
2022-05-05,-1.0146524906158447
2022-05-06,-1.0013937950134277
2022-05-07,-1.0030112266540527
2022-05-08,-1.0030224323272705
2022-05-09,-0.993524968624115
2022-05-10,-0.9962062239646912
2022-05-11,-1.020516276359558
2022-05-12,-1.0592999458312988
2022-05-13,-1.0800224542617798
2022-05-14,-1.089152455329895
2022-05-15,-1.054052472114563
2022-05-16,-1.009855031967163
2022-05-17,-0.9648474454879761
2022-05-18,-0.9386399984359741
2022-05-19,-0.9188374876976013
2022-05-20,-0.9045687317848206
2022-05-21,-0.881033718585968
2022-05-22,-0.8496362566947937
2022-05-23,-0.822871208190918
2022-05-24,-0.8027073740959167
2022-05-25,-0.7967662215232849
2022-05-26,-0.8151224255561829
2022-05-27,-0.8476837277412415
2022-05-28,-0.870273768901825
2022-05-29,-0.8615100383758545
2022-05-30,-0.827934980392456
2022-05-31,-0.7870837450027466
2022-06-01,-0.7466424703598022
2022-06-02,-0.7110387682914734
2022-06-03,-0.6822499632835388
2022-06-04,-0.6391400098800659
2022-06-05,-0.5767849683761597
2022-06-06,-0.5358812212944031
2022-06-07,-0.5212662220001221
2022-06-08,-0.5225399732589722
2022-06-09,-0.5173936486244202
2022-06-10,-0.5076174736022949
2022-06-11,-0.4970024824142456
2022-06-12,-0.4998124837875366
2022-06-13,-0.5032562613487244
2022-06-14,-0.49653875827789307
2022-06-15,-0.4807575047016144
2022-06-16,-0.44152745604515076
2022-06-17,-0.418642520904541
2022-06-18,-0.42650872468948364
2022-06-19,-0.4343874752521515
2022-06-20,-0.4310474693775177
2022-06-21,-0.42848873138427734
2022-06-22,-0.4237149953842163
2022-06-23,-0.41279998421669006
2022-06-24,-0.38396498560905457
2022-06-25,-0.3397600054740906
2022-06-26,-0.32553747296333313
2022-06-27,-0.3264862298965454
2022-06-28,-0.3366062641143799
2022-06-29,-0.3515525162220001
2022-06-30,-0.3432787358760834
2022-07-01,-0.3340562582015991
2022-07-02,-0.3090912401676178
2022-07-03,-0.29115748405456543
2022-07-04,-0.296741247177124
2022-07-05,-0.32561376690864563
2022-07-06,-0.34269246459007263
2022-07-07,-0.3644324839115143
2022-07-08,-0.38905999064445496
2022-07-09,-0.40302249789237976
2022-07-10,-0.4151087701320648
2022-07-11,-0.4165150225162506
2022-07-12,-0.4028337299823761
2022-07-13,-0.38282373547554016
2022-07-14,-0.4011312425136566
2022-07-15,-0.4500799775123596
2022-07-16,-0.4934224784374237
2022-07-17,-0.519070029258728
2022-07-18,-0.514981210231781
2022-07-19,-0.5089437365531921
2022-07-20,-0.505321204662323
2022-07-21,-0.5078362226486206
2022-07-22,-0.5202924609184265
2022-07-23,-0.5520086884498596
2022-07-24,-0.5771474838256836
2022-07-25,-0.5975750088691711
2022-07-26,-0.6079036593437195
2022-07-27,-0.6289737820625305
2022-07-28,-0.6876124143600464
2022-07-29,-0.7420449256896973
2022-07-30,-0.784927487373352
2022-07-31,-0.8266724944114685
2022-08-01,-0.8562287092208862
2022-08-02,-0.8860025405883789
2022-08-03,-0.9139974117279053
2022-08-04,-0.9473087191581726
2022-08-05,-0.9641299843788147
2022-08-06,-0.9839986562728882
2022-08-07,-0.9829487204551697
2022-08-08,-0.9578386545181274
2022-08-09,-0.9176824688911438
2022-08-10,-0.8974649906158447
2022-08-11,-0.9122412800788879
2022-08-12,-0.95133376121521
2022-08-13,-0.9855800271034241
2022-08-14,-1.0140262842178345
2022-08-15,-1.0418874025344849
2022-08-16,-1.0585124492645264
2022-08-17,-1.047623634338379
2022-08-18,-1.0303900241851807
2022-08-19,-1.018912434577942
2022-08-20,-0.9847049713134766
2022-08-21,-0.9192600250244141
2022-08-22,-0.8479712605476379
2022-08-23,-0.7874411940574646
2022-08-24,-0.7135487198829651
2022-08-25,-0.6635387539863586
2022-08-26,-0.6763912439346313
2022-08-27,-0.6950200200080872
2022-08-28,-0.7081324458122253
2022-08-29,-0.7555775046348572
2022-08-30,-0.8107187151908875
2022-08-31,-0.8618612289428711
2022-09-01,-0.9014574289321899
2022-09-02,-0.9309999942779541
2022-09-03,-0.9459200501441956
2022-09-04,-0.9401212334632874
2022-09-05,-0.9338124990463257
2022-09-06,-0.9349774718284607
2022-09-07,-0.9681699872016907
2022-09-08,-0.9957025051116943
2022-09-09,-1.0124424695968628
2022-09-10,-1.004082441329956
2022-09-11,-0.9795612096786499
2022-09-12,-0.9573149681091309
2022-09-13,-0.9398586750030518
2022-09-14,-0.9291487336158752
2022-09-15,-0.9222862720489502
2022-09-16,-0.9184249639511108
2022-09-17,-0.9037349820137024
2022-09-18,-0.8724774718284607
2022-09-19,-0.8386600017547607
2022-09-20,-0.8212599754333496
2022-09-21,-0.8247536420822144
2022-09-22,-0.8338874578475952
2022-09-23,-0.8347449898719788
2022-09-24,-0.813941240310669
2022-09-25,-0.7946274876594543
2022-09-26,-0.771964967250824
2022-09-27,-0.771435022354126
2022-09-28,-0.7815124988555908
2022-09-29,-0.7817650437355042
2022-09-30,-0.777412474155426
2022-10-01,-0.7774949669837952
2022-10-02,-0.7576799988746643
2022-10-03,-0.7487749457359314
2022-10-04,-0.7396174669265747
2022-10-05,-0.709637463092804
2022-10-06,-0.6714099645614624
2022-10-07,-0.6522936820983887
2022-10-08,-0.6437612175941467
2022-10-09,-0.6384037137031555
2022-10-10,-0.6405225396156311
2022-10-11,-0.6568962335586548
2022-10-12,-0.6820099353790283
2022-10-13,-0.7200000286102295
2022-10-14,-0.7605412006378174
2022-10-15,-0.7837362289428711
2022-10-16,-0.7729424834251404
2022-10-17,-0.7414425015449524
2022-10-18,-0.7025912404060364
2022-10-19,-0.6612774729728699
2022-10-20,-0.636296272277832
2022-10-21,-0.6416724324226379
2022-10-22,-0.6645087599754333
2022-10-23,-0.6788487434387207
2022-10-24,-0.7121174931526184
2022-10-25,-0.7520661950111389
2022-10-26,-0.8052312731742859
2022-10-27,-0.8533750176429749
2022-10-28,-0.8767687082290649
2022-10-29,-0.891819953918457
2022-10-30,-0.9174463152885437
2022-10-31,-0.9379374980926514
2022-11-01,-0.9326925277709961
2022-11-02,-0.891366183757782
2022-11-03,-0.8304987549781799
2022-11-04,-0.7789275050163269
2022-11-05,-0.7426536679267883
2022-11-06,-0.735923707485199
2022-11-07,-0.7248337268829346
2022-11-08,-0.7071675062179565
2022-11-09,-0.6789337396621704
2022-11-10,-0.6360675096511841
2022-11-11,-0.6060887575149536
2022-11-12,-0.6016812324523926
2022-11-13,-0.6083874702453613
2022-11-14,-0.6391499638557434
2022-11-15,-0.6852549910545349
2022-11-16,-0.7185424566268921
2022-11-17,-0.737167477607727
2022-11-18,-0.7502337098121643
2022-11-19,-0.7464512586593628
2022-11-20,-0.7348037362098694
2022-11-21,-0.7447836995124817
2022-11-22,-0.7620462775230408
2022-11-23,-0.7666549682617188
2022-11-24,-0.7507012486457825
2022-11-25,-0.7154912352561951
2022-11-26,-0.6938049793243408
2022-11-27,-0.6891112327575684
2022-11-28,-0.7037362456321716
2022-11-29,-0.7367624640464783
2022-11-30,-0.7811774611473083
2022-12-01,-0.8232849836349487
2022-12-02,-0.855787456035614
2022-12-03,-0.8805737495422363
2022-12-04,-0.9004649519920349
2022-12-05,-0.9053986668586731
2022-12-06,-0.8868411779403687
2022-12-07,-0.8726399540901184
2022-12-08,-0.8552674651145935
2022-12-09,-0.8350012302398682
2022-12-10,-0.8018924593925476
2022-12-11,-0.7807962894439697
2022-12-12,-0.7715799808502197
2022-12-13,-0.7714137434959412
2022-12-14,-0.7674112319946289
2022-12-15,-0.7608874440193176
2022-12-16,-0.7550687193870544
2022-12-17,-0.7656574845314026
2022-12-18,-0.7798799872398376
2022-12-19,-0.7680400013923645
2022-12-20,-0.7403699159622192
2022-12-21,-0.7199512124061584
2022-12-22,-0.6966274976730347
2022-12-23,-0.6611300110816956
2022-12-24,-0.625788688659668
2022-12-25,-0.6083974838256836
2022-12-26,-0.6138512492179871
2022-12-27,-0.6480649709701538
2022-12-28,-0.6749799847602844
2022-12-29,-0.7049024701118469
2022-12-30,-0.7202712297439575
2022-12-31,-0.7365462183952332
2023-01-01,-0.7573637962341309
2023-01-02,-0.7806074619293213
2023-01-03,-0.7969787120819092
2023-01-04,-0.8051300048828125
2023-01-05,-0.8316786885261536
2023-01-06,-0.82475745677948
2023-01-07,-0.8242387771606445
2023-01-08,-0.8147512078285217
2023-01-09,-0.7973474860191345
2023-01-10,-0.7785862684249878
2023-01-11,-0.7561487555503845
2023-01-12,-0.7222687602043152
2023-01-13,-0.6855224370956421
2023-01-14,-0.6682674288749695
2023-01-15,-0.6710787415504456
2023-01-16,-0.6922787427902222
2023-01-17,-0.7221724987030029
2023-01-18,-0.7358299493789673
2023-01-19,-0.7571574449539185
2023-01-20,-0.7834137082099915
2023-01-21,-0.8052162528038025
2023-01-22,-0.8018762469291687
2023-01-23,-0.7939925193786621
2023-01-24,-0.7740424871444702
2023-01-25,-0.7471100091934204
2023-01-26,-0.7031362056732178
2023-01-27,-0.658212423324585
2023-01-28,-0.6361575126647949
2023-01-29,-0.6141337752342224
2023-01-30,-0.5912337899208069
2023-01-31,-0.5851374864578247
2023-02-01,-0.6064399480819702
2023-02-02,-0.6373262405395508
2023-02-03,-0.651968777179718
2023-02-04,-0.6441975235939026
2023-02-05,-0.6326237320899963
2023-02-06,-0.608680009841919
2023-02-07,-0.6184787750244141
2023-02-08,-0.6561612486839294
2023-02-09,-0.6926474571228027
2023-02-10,-0.7016199827194214
2023-02-11,-0.6808950304985046
2023-02-12,-0.6478112936019897
2023-02-13,-0.6277549266815186
2023-02-14,-0.6126312017440796
2023-02-15,-0.6123850345611572
2023-02-16,-0.6129249930381775
2023-02-17,-0.5973300337791443
2023-02-18,-0.5284212231636047
2023-02-19,-0.4191424548625946
2023-02-20,-0.3330775201320648
2023-02-21,-0.309431254863739
2023-02-22,-0.3307987451553345
2023-02-23,-0.3584612309932709
2023-02-24,-0.3616087734699249
2023-02-25,-0.356571227312088
2023-02-26,-0.37424376606941223
2023-02-27,-0.38739997148513794
2023-02-28,-0.39663001894950867
2023-03-01,-0.4024062156677246
2023-03-02,-0.38156622648239136
2023-03-03,-0.3383787274360657
2023-03-04,-0.26519501209259033
2023-03-05,-0.20501874387264252
2023-03-06,-0.1483449786901474
2023-03-07,-0.11667624861001968
2023-03-08,-0.10413248836994171
2023-03-09,-0.08184999227523804
2023-03-10,-0.033453747630119324
2023-03-11,0.04138124734163284
2023-03-12,0.11507249623537064
2023-03-13,0.18808124959468842
2023-03-14,0.21420875191688538
2023-03-15,0.2136175036430359
2023-03-16,0.1917175054550171
2023-03-17,0.16265249252319336
2023-03-18,0.119347482919693
2023-03-19,0.08127374202013016
2023-03-20,0.05098624527454376
2023-03-21,0.04371374472975731
2023-03-22,0.038452498614788055
2023-03-23,0.026012500748038292
2023-03-24,0.02272375114262104
2023-03-25,0.03220624476671219
2023-03-26,0.06455499678850174
2023-03-27,0.09954874962568283
2023-03-28,0.10675875097513199
2023-03-29,0.10272250324487686
2023-03-30,0.10861749947071075
2023-03-31,0.09487249702215195
2023-04-01,0.106299988925457
2023-04-02,0.122359998524189
2023-04-03,0.13087375462055206
2023-04-04,0.149611234664917
2023-04-05,0.1519249826669693
2023-04-06,0.12778498232364655
2023-04-07,0.11351373791694641
2023-04-08,0.1034887433052063
2023-04-09,0.11960750073194504
2023-04-10,0.15427500009536743
2023-04-11,0.2266787439584732
2023-04-12,0.2889537215232849
2023-04-13,0.32972875237464905
2023-04-14,0.31989747285842896
2023-04-15,0.29134872555732727
2023-04-16,0.2768400013446808
2023-04-17,0.2964774966239929
2023-04-18,0.3516712486743927
2023-04-19,0.4293762147426605
2023-04-20,0.4765562415122986
2023-04-21,0.508389949798584
2023-04-22,0.5180949568748474
2023-04-23,0.5381899476051331
2023-04-24,0.5490737557411194
2023-04-25,0.544432520866394
2023-04-26,0.5509687662124634
2023-04-27,0.5556237697601318
2023-04-28,0.5377800464630127
2023-04-29,0.5162948966026306
2023-04-30,0.4865812361240387
2023-05-01,0.48805370926856995
2023-05-02,0.4977649748325348
2023-05-03,0.49505123496055603
2023-05-04,0.49802500009536743
2023-05-05,0.4861999750137329
2023-05-06,0.49282872676849365
2023-05-07,0.5132537484169006
2023-05-08,0.5403187274932861
2023-05-09,0.5567511916160583
2023-05-10,0.5820200443267822
2023-05-11,0.5954787731170654
2023-05-12,0.6040987372398376
2023-05-13,0.6170162558555603
2023-05-14,0.5939675569534302
2023-05-15,0.5639137029647827
2023-05-16,0.5671025514602661
2023-05-17,0.5747987031936646
2023-05-18,0.5956387519836426
2023-05-19,0.5976250171661377
2023-05-20,0.5876275300979614
2023-05-21,0.5466500520706177
2023-05-22,0.5221074819564819
2023-05-23,0.4996350109577179
2023-05-24,0.5216975212097168
2023-05-25,0.5927025079727173
2023-05-26,0.6544012427330017
2023-05-27,0.7342450022697449
2023-05-28,0.8142886757850647
2023-05-29,0.8883187174797058
2023-05-30,0.8983574509620667
2023-05-31,0.8903161883354187
2023-06-01,0.9150298833847046
2023-06-02,0.9533974528312683
2023-06-03,1.0129075050354004
2023-06-04,1.1058474779129028
2023-06-05,1.1944186687469482
2023-06-06,1.252883791923523
2023-06-07,1.2551175355911255
2023-06-08,1.208632469177246
2023-06-09,1.1485449075698853
2023-06-10,1.0942412614822388
2023-06-11,1.0651562213897705
2023-06-12,1.045685052871704
2023-06-13,1.0299712419509888
2023-06-14,1.0458537340164185
2023-06-15,1.0491999387741089
2023-06-16,1.0335450172424316
2023-06-17,1.0428762435913086
2023-06-18,1.0823100805282593
2023-06-19,1.1274687051773071
2023-06-20,1.1659225225448608
2023-06-21,1.2050061225891113
2023-06-22,1.247901201248169
2023-06-23,1.2567675113677979
2023-06-24,1.2385588884353638
2023-06-25,1.2026225328445435
2023-06-26,1.1601250171661377
2023-06-27,1.1265424489974976
2023-06-28,1.1096837520599365
2023-06-29,1.0978811979293823
2023-06-30,1.0996137857437134
2023-07-01,1.1269750595092773
2023-07-02,1.1575061082839966
2023-07-03,1.1941938400268555
2023-07-04,1.221978783607483
2023-07-05,1.2632324695587158
2023-07-06,1.2766562700271606
2023-07-07,1.2527437210083008
2023-07-08,1.2226500511169434
2023-07-09,1.2008111476898193
2023-07-10,1.1742361783981323
2023-07-11,1.1692637205123901
2023-07-12,1.1995136737823486
2023-07-13,1.2302812337875366
2023-07-14,1.2730374336242676
2023-07-15,1.3095612525939941
2023-07-16,1.3246387243270874
2023-07-17,1.3095837831497192
2023-07-18,1.2887150049209595
2023-07-19,1.2654449939727783
2023-07-20,1.2457374334335327
2023-07-21,1.2467137575149536
2023-07-22,1.241189956665039
2023-07-23,1.2438386678695679
2023-07-24,1.2575050592422485
2023-07-25,1.2552074193954468
2023-07-26,1.254276156425476
2023-07-27,1.2510775327682495
2023-07-28,1.2569223642349243
2023-07-29,1.2371073961257935
2023-07-30,1.2171612977981567
2023-07-31,1.1980949640274048
2023-08-01,1.1606862545013428
2023-08-02,1.1405248641967773
2023-08-03,1.1443486213684082
2023-08-04,1.1843024492263794
2023-08-05,1.2186213731765747
2023-08-06,1.2370412349700928
2023-08-07,1.2705925703048706
2023-08-08,1.3061861991882324
2023-08-09,1.2820450067520142
2023-08-10,1.2947825193405151
2023-08-11,1.3277337551116943
2023-08-12,1.3504725694656372
2023-08-13,1.372402310371399
2023-08-14,1.4000712633132935
2023-08-15,1.438503623008728
2023-08-16,1.4670424461364746
2023-08-17,1.465611219406128
2023-08-18,1.4395437240600586
2023-08-19,1.4434010982513428
2023-08-20,1.4650187492370605
2023-08-21,1.4911974668502808
2023-08-22,1.5593599081039429
2023-08-23,1.6093287467956543
2023-08-24,1.6356611251831055
2023-08-25,1.676086187362671
2023-08-26,1.6621500253677368
2023-08-27,1.6115412712097168
2023-08-28,1.5754424333572388
2023-08-29,1.5684162378311157
2023-08-30,1.5771362781524658
2023-08-31,1.5955461263656616
2023-09-01,1.6064962148666382
2023-09-02,1.6303573846817017
2023-09-03,1.6452299356460571
2023-09-04,1.6531424522399902
2023-09-05,1.6447125673294067
2023-09-06,1.620993733406067
2023-09-07,1.601926326751709
2023-09-08,1.6207174062728882
2023-09-09,1.628463625907898
2023-09-10,1.6304525136947632
2023-09-11,1.6517512798309326
2023-09-12,1.651747465133667
2023-09-13,1.6289211511611938
2023-09-14,1.639549970626831
2023-09-15,1.656441330909729
2023-09-16,1.6670373678207397
2023-09-17,1.6934887170791626
2023-09-18,1.7058112621307373
2023-09-19,1.7010724544525146
2023-09-20,1.702568769454956
2023-09-21,1.7426711320877075
2023-09-22,1.7438812255859375
2023-09-23,1.6993701457977295
2023-09-24,1.6359636783599854
2023-09-25,1.5710262060165405
2023-09-26,1.5212374925613403
2023-09-27,1.4923487901687622
2023-09-28,1.4970537424087524
2023-09-29,1.5181312561035156
2023-09-30,1.5192360877990723
2023-10-01,1.4955649375915527
2023-10-02,1.4945886135101318
2023-10-03,1.5090925693511963
2023-10-04,1.5552350282669067
2023-10-05,1.573319911956787
2023-10-06,1.5783398151397705
2023-10-07,1.5721224546432495
2023-10-08,1.5387262105941772
2023-10-09,1.5287163257598877
2023-10-10,1.5484950542449951
2023-10-11,1.5731662511825562
2023-10-12,1.6178098917007446
2023-10-13,1.6859499216079712
2023-10-14,1.7351962327957153
2023-10-15,1.761294960975647
2023-10-16,1.7811474800109863
2023-10-17,1.764166235923767
2023-10-18,1.7407686710357666
2023-10-19,1.7367274761199951
2023-10-20,1.7371500730514526
2023-10-21,1.6986424922943115
2023-10-22,1.6617075204849243
2023-10-23,1.7018513679504395
2023-10-24,1.786446213722229
2023-10-25,1.8698437213897705
2023-10-26,1.9289425611495972
2023-10-27,1.9608675241470337
2023-10-28,1.9807225465774536
2023-10-29,1.996034860610962
2023-10-30,2.003814935684204
2023-10-31,2.0076262950897217
2023-11-01,2.0067574977874756
2023-11-02,2.0238723754882812
2023-11-03,2.0182111263275146
2023-11-04,2.005039930343628
2023-11-05,2.014359951019287
2023-11-06,2.0203137397766113
2023-11-07,2.005855083465576
2023-11-08,1.988744854927063
2023-11-09,1.9822460412979126
2023-11-10,1.9835000038146973
2023-11-11,1.9875448942184448
2023-11-12,1.9879637956619263
2023-11-13,2.0016262531280518
2023-11-14,2.0207936763763428
2023-11-15,2.0634772777557373
2023-11-16,2.1630449295043945
2023-11-17,2.240828514099121
2023-11-18,2.2724647521972656
2023-11-19,2.313772439956665
2023-11-20,2.3311312198638916
2023-11-21,2.3533260822296143
2023-11-22,2.3619487285614014
2023-11-23,2.359184980392456
2023-11-24,2.3458685874938965
2023-11-25,2.3110063076019287
2023-11-26,2.223944902420044
2023-11-27,2.1799473762512207
2023-11-28,2.176561117172241
2023-11-29,2.1930184364318848
2023-11-30,2.181901216506958
2023-12-01,2.1675209999084473
2023-12-02,2.1429672241210938
2023-12-03,2.1369359493255615
2023-12-04,2.1344549655914307
2023-12-05,2.134047269821167
2023-12-06,2.1501810550689697
2023-12-07,2.1853535175323486
2023-12-08,2.1880786418914795
2023-12-09,2.189906358718872
2023-12-10,2.1490373611450195
2023-12-11,2.0903725624084473
2023-12-12,2.070357322692871
2023-12-13,2.0945236682891846
2023-12-14,2.1083762645721436
2023-12-15,2.1262588500976562
2023-12-16,2.1204488277435303
2023-12-17,2.08990478515625
2023-12-18,2.0751137733459473
2023-12-19,2.0714001655578613
2023-12-20,2.089691162109375
2023-12-21,2.0862348079681396
2023-12-22,2.0595273971557617
2023-12-23,2.0327749252319336
2023-12-24,2.017306089401245
2023-12-25,2.0171499252319336
2023-12-26,2.0366976261138916
2023-12-27,2.0516974925994873
2023-12-28,2.017753839492798
2023-12-29,2.020076036453247
2023-12-30,2.0262861251831055
2023-12-31,2.036414861679077
2024-01-01,2.046639919281006
2024-01-02,2.030139923095703
2024-01-03,2.0124800205230713
2024-01-04,1.9692800045013428
2024-01-05,1.8953698873519897
2024-01-06,1.862203598022461
2024-01-07,1.860089898109436
2024-01-08,1.8814135789871216
2024-01-09,1.8920373916625977
2024-01-10,1.8736050128936768
2024-01-11,1.8684049844741821
2024-01-12,1.8524662256240845
2024-01-13,1.8204536437988281
2024-01-14,1.7910512685775757
2024-01-15,1.7473386526107788
2024-01-16,1.690674901008606
2024-01-17,1.6575186252593994
2024-01-18,1.6304361820220947
2024-01-19,1.6103311777114868
2024-01-20,1.6040176153182983
2024-01-21,1.5839011669158936
2024-01-22,1.5659250020980835
2024-01-23,1.576817512512207
2024-01-24,1.5864936113357544
2024-01-25,1.5841525793075562
2024-01-26,1.595824956893921
2024-01-27,1.6000386476516724
2024-01-28,1.6068425178527832
2024-01-29,1.6223561763763428
2024-01-30,1.6744011640548706
2024-01-31,1.7321337461471558
2024-02-01,1.7570774555206299
2024-02-02,1.7346724271774292
2024-02-03,1.6766599416732788
2024-02-04,1.6222399473190308
2024-02-05,1.5747512578964233
2024-02-06,1.5425000190734863
2024-02-07,1.529054880142212
2024-02-08,1.5409075021743774
2024-02-09,1.5243674516677856
2024-02-10,1.5105737447738647
2024-02-11,1.4709863662719727
2024-02-12,1.4703336954116821
2024-02-13,1.4658373594284058
2024-02-14,1.474487543106079
2024-02-15,1.4798825979232788
2024-02-16,1.4756174087524414
2024-02-17,1.5077561140060425
2024-02-18,1.5307974815368652
2024-02-19,1.5380973815917969
2024-02-20,1.5050212144851685
2024-02-21,1.4599336385726929
2024-02-22,1.4078224897384644
2024-02-23,1.3368449211120605
2024-02-24,1.319142460823059
2024-02-25,1.3157774209976196
2024-02-26,1.3118699789047241
2024-02-27,1.3299800157546997
2024-02-28,1.3725086450576782
2024-02-29,1.4383461475372314
2024-03-01,1.4675198793411255
2024-03-02,1.484262466430664
2024-03-03,1.4858237504959106
2024-03-04,1.4677249193191528
2024-03-05,1.4573986530303955
2024-03-06,1.4588712453842163
2024-03-07,1.4363950490951538
2024-03-08,1.3922661542892456
2024-03-09,1.3294262886047363
2024-03-10,1.2830474376678467
2024-03-11,1.2188374996185303
2024-03-12,1.1568750143051147
2024-03-13,1.125522494316101
2024-03-14,1.0862512588500977
2024-03-15,1.0507936477661133
2024-03-16,1.0686899423599243
2024-03-17,1.1221038103103638
2024-03-18,1.1992524862289429
2024-03-19,1.2759599685668945
2024-03-20,1.327507495880127
2024-03-21,1.3478161096572876
2024-03-22,1.3212274312973022
2024-03-23,1.2449899911880493
2024-03-24,1.1496649980545044
2024-03-25,1.0792112350463867
2024-03-26,1.0239311456680298
2024-03-27,1.0563924312591553
2024-03-28,1.1432700157165527
2024-03-29,1.2449536323547363
2024-03-30,1.3426324129104614
2024-03-31,1.4504088163375854
2024-04-01,1.4943186044692993
2024-04-02,1.490278720855713
2024-04-03,1.4355249404907227
2024-04-04,1.3619012832641602
2024-04-05,1.2465400695800781
2024-04-06,1.160191297531128
2024-04-07,1.100849986076355
2024-04-08,1.014314889907837
2024-04-09,0.9125749468803406
2024-04-10,0.8398774266242981
2024-04-11,0.8144037127494812
2024-04-12,0.7867224812507629
2024-04-13,0.7510087490081787
2024-04-14,0.7098162174224854
2024-04-15,0.7468025088310242
2024-04-16,0.825047492980957
2024-04-17,0.9046362042427063
2024-04-18,0.9700462818145752
2024-04-19,0.9877012968063354
2024-04-20,0.9981150031089783
2024-04-21,0.9842023849487305
2024-04-22,1.0238112211227417
2024-04-23,1.0630749464035034
2024-04-24,1.0629124641418457
2024-04-25,0.9941887259483337
2024-04-26,0.9080424904823303
2024-04-27,0.8206749558448792
2024-04-28,0.7609325051307678
2024-04-29,0.6946862936019897
2024-04-30,0.6852024793624878
2024-05-01,0.7203049659729004
2024-05-02,0.7356787323951721
2024-05-03,0.7153674960136414
2024-05-04,0.6530712246894836
2024-05-05,0.5955712795257568
2024-05-06,0.5629012584686279
2024-05-07,0.5168650150299072
2024-05-08,0.45813873410224915
2024-05-09,0.3943312466144562
2024-05-10,0.34105250239372253
2024-05-11,0.3296624720096588
2024-05-12,0.36286377906799316
2024-05-13,0.3840412199497223
2024-05-14,0.3801425099372864
2024-05-15,0.37912124395370483
2024-05-16,0.37112751603126526
2024-05-17,0.34921249747276306
2024-05-18,0.3352600038051605
2024-05-19,0.31670624017715454
2024-05-20,0.31776997447013855
2024-05-21,0.3182937204837799
2024-05-22,0.3142399787902832
2024-05-23,0.3126450181007385
2024-05-24,0.2974574565887451
2024-05-25,0.2774274945259094
2024-05-26,0.26300501823425293
2024-05-27,0.2542562186717987
2024-05-28,0.23220373690128326
2024-05-29,0.1934862583875656
2024-05-30,0.18982122838497162
2024-05-31,0.25101998448371887
2024-06-01,0.3102324903011322
2024-06-02,0.3704737424850464
2024-06-03,0.4062349796295166
2024-06-04,0.37769001722335815
2024-06-05,0.33337125182151794
2024-06-06,0.2671087682247162
2024-06-07,0.2312837392091751
2024-06-08,0.23490124940872192
2024-06-09,0.22068125009536743
2024-06-10,0.21006625890731812
2024-06-11,0.21231000125408173
2024-06-12,0.25331375002861023
2024-06-13,0.2788574695587158
2024-06-14,0.290096253156662
2024-06-15,0.31736499071121216
2024-06-16,0.34768250584602356
2024-06-17,0.38319501280784607
2024-06-18,0.43789875507354736
2024-06-19,0.4520437717437744
2024-06-20,0.4775324761867523
2024-06-21,0.5114499926567078
2024-06-22,0.5196124911308289
2024-06-23,0.5327475070953369
2024-06-24,0.5670874714851379
2024-06-25,0.6014949679374695
2024-06-26,0.6227074861526489
2024-06-27,0.619946300983429
2024-06-28,0.6176512241363525
2024-06-29,0.5904825329780579
2024-06-30,0.5460100173950195
2024-07-01,0.5382450222969055
2024-07-02,0.5383362174034119
2024-07-03,0.5361512303352356
2024-07-04,0.5554287433624268
2024-07-05,0.547491192817688
2024-07-06,0.5136237740516663
2024-07-07,0.4657612442970276
2024-07-08,0.4573424756526947
2024-07-09,0.4758962392807007
2024-07-10,0.5028174519538879
2024-07-11,0.5197612047195435
2024-07-12,0.546625018119812
2024-07-13,0.5213862061500549
2024-07-14,0.4869912266731262
2024-07-15,0.44439998269081116
2024-07-16,0.40389499068260193
2024-07-17,0.33890998363494873
2024-07-18,0.28256750106811523
2024-07-19,0.2272849977016449
2024-07-20,0.24323248863220215
2024-07-21,0.2884812653064728
2024-07-22,0.3048137128353119
2024-07-23,0.3102037310600281
2024-07-24,0.2826724946498871
2024-07-25,0.21241123974323273
2024-07-26,0.1214975044131279
2024-07-27,0.01803250052034855
2024-07-28,-0.09876124560832977
2024-07-29,-0.17611248791217804
2024-07-30,-0.15220500528812408
2024-07-31,-0.115509994328022
2024-08-01,-0.06563250720500946
2024-08-02,0.018862495198845863
2024-08-03,0.09791499376296997
2024-08-04,0.15949749946594238
2024-08-05,0.18149374425411224
2024-08-06,0.1762012392282486
2024-08-07,0.15615250170230865
2024-08-08,0.14547498524188995
2024-08-09,0.11041375249624252
2024-08-10,0.10267625004053116
2024-08-11,0.06794000416994095
2024-08-12,0.010021255351603031
2024-08-13,-0.017266247421503067
2024-08-14,-0.03331124782562256
2024-08-15,-0.02955874614417553
2024-08-16,-0.018328746780753136
2024-08-17,-0.008352499455213547
2024-08-18,-0.00888375099748373
2024-08-19,0.003722496097907424
2024-08-20,0.038764990866184235
2024-08-21,0.05846499651670456
2024-08-22,0.07409875094890594
2024-08-23,0.052143752574920654
2024-08-24,0.03874624893069267
2024-08-25,-0.015346250496804714
2024-08-26,-0.0902862474322319
2024-08-27,-0.12499125301837921
2024-08-28,-0.11350999772548676
2024-08-29,-0.09021124243736267
2024-08-30,-0.07082499563694
2024-08-31,-0.06962374597787857
2024-09-01,-0.06291250139474869
2024-09-02,-0.04078499600291252
2024-09-03,-0.0337349958717823
2024-09-04,-0.04922499880194664
2024-09-05,-0.07479249686002731
2024-09-06,-0.06953750550746918
2024-09-07,-0.06891374289989471
2024-09-08,-0.10702499747276306
2024-09-09,-0.15120123326778412
2024-09-10,-0.1582312434911728
2024-09-11,-0.14924874901771545
2024-09-12,-0.1480100005865097
2024-09-13,-0.15891499817371368
2024-09-14,-0.20227622985839844
2024-09-15,-0.2852324843406677
2024-09-16,-0.3733312487602234
2024-09-17,-0.4464687407016754
2024-09-18,-0.4972737431526184
2024-09-19,-0.5184187889099121
2024-09-20,-0.46930497884750366
2024-09-21,-0.38444873690605164
2024-09-22,-0.2859337329864502
2024-09-23,-0.22920748591423035
2024-09-24,-0.18703876435756683
2024-09-25,-0.16452249884605408
2024-09-26,-0.18982625007629395
2024-09-27,-0.19884374737739563
2024-09-28,-0.2220899909734726
2024-09-29,-0.22345498204231262
2024-09-30,-0.2390962392091751
2024-10-01,-0.25769999623298645
2024-10-02,-0.2729087471961975
2024-10-03,-0.29854121804237366
2024-10-04,-0.305275022983551
2024-10-05,-0.3072749972343445
2024-10-06,-0.3221912682056427
2024-10-07,-0.34720373153686523
2024-10-08,-0.3246787488460541
2024-10-09,-0.28205248713493347
2024-10-10,-0.2680249512195587
2024-10-11,-0.2733212411403656
2024-10-12,-0.2710912525653839
2024-10-13,-0.237381249666214
2024-10-14,-0.16779500246047974
2024-10-15,-0.11780999600887299
2024-10-16,-0.10847499221563339
2024-10-17,-0.127470001578331
2024-10-18,-0.14365249872207642
2024-10-19,-0.14761248230934143
2024-10-20,-0.1428137570619583
2024-10-21,-0.16054874658584595
2024-10-22,-0.19258999824523926
2024-10-23,-0.24084998667240143
2024-10-24,-0.2897687256336212
2024-10-25,-0.31761375069618225
2024-10-26,-0.3044487237930298
2024-10-27,-0.27796125411987305
2024-10-28,-0.234297513961792
2024-10-29,-0.14569248259067535
2024-10-30,-0.0766412541270256
2024-10-31,-0.01426874939352274
2024-11-01,0.007499999832361937
2024-11-02,-0.012405002489686012
2024-11-03,-0.0413612462580204
2024-11-04,-0.0582600012421608
2024-11-05,-0.025043750181794167
2024-11-06,0.041887491941452026
2024-11-07,0.08940375596284866
2024-11-08,0.08790875226259232
2024-11-09,0.07500375062227249
2024-11-10,0.10099124908447266
2024-11-11,0.15948374569416046
2024-11-12,0.1827324777841568
2024-11-13,0.19930750131607056
2024-11-14,0.2147674858570099
2024-11-15,0.20743748545646667
2024-11-16,0.19884873926639557
2024-11-17,0.1997162401676178
2024-11-18,0.20052999258041382
2024-11-19,0.2167462408542633
2024-11-20,0.22419624030590057
2024-11-21,0.18713998794555664
2024-11-22,0.13610625267028809
2024-11-23,0.10095874220132828
2024-11-24,0.07506625354290009
2024-11-25,0.07721374183893204
2024-11-26,0.09572125226259232
2024-11-27,0.10408750176429749
2024-11-28,0.10193875432014465
2024-11-29,0.1046300008893013
2024-11-30,0.07252625375986099
2024-12-01,0.03306500241160393
2024-12-02,-0.020618753507733345
2024-12-03,-0.06638624519109726
2024-12-04,-0.08725249767303467
2024-12-05,-0.10458125174045563
2024-12-06,-0.1526300013065338
2024-12-07,-0.1893399953842163
2024-12-08,-0.23211874067783356
2024-12-09,-0.2845262587070465
2024-12-10,-0.3473474681377411
2024-12-11,-0.38370373845100403
2024-12-12,-0.4297674894332886
2024-12-13,-0.4678362309932709
2024-12-14,-0.5291337370872498
2024-12-15,-0.6151137948036194
2024-12-16,-0.6737788319587708
2024-12-17,-0.7135599851608276
2024-12-18,-0.7280224561691284
2024-12-19,-0.7510562539100647
2024-12-20,-0.7682199478149414
2024-12-21,-0.7789350152015686
2024-12-22,-0.8146224617958069
2024-12-23,-0.8764274716377258
2024-12-24,-0.928054928779602
2024-12-25,-0.9631012082099915
2024-12-26,-0.9573549628257751
2024-12-27,-0.9188024997711182
2024-12-28,-0.8769249320030212
2024-12-29,-0.8273774981498718
2024-12-30,-0.7664936780929565
2024-12-31,-0.7038199305534363
2025-01-01,-0.6506362557411194
2025-01-02,-0.6307650208473206
2025-01-03,-0.6475625038146973
2025-01-04,-0.700353741645813
2025-01-05,-0.7370837330818176
2025-01-06,-0.7493449449539185
2025-01-07,-0.7423149347305298
2025-01-08,-0.7392886877059937
2025-01-09,-0.762836217880249
2025-01-10,-0.7752724885940552
2025-01-11,-0.746044933795929
2025-01-12,-0.6830237507820129
2025-01-13,-0.6188287138938904
2025-01-14,-0.6106974482536316
2025-01-15,-0.6519762277603149
2025-01-16,-0.7214137315750122
2025-01-17,-0.7803099155426025
2025-01-18,-0.8208799958229065
2025-01-19,-0.8706124424934387
2025-01-20,-0.9178399443626404
2025-01-21,-0.956193745136261
2025-01-22,-0.9866812825202942
2025-01-23,-1.0209137201309204
2025-01-24,-1.05039381980896
2025-01-25,-1.050241231918335
2025-01-26,-1.0180237293243408
2025-01-27,-0.9954561591148376
2025-01-28,-0.9685799479484558
2025-01-29,-0.9473587870597839
2025-01-30,-0.9393712282180786
2025-01-31,-0.9167525768280029
2025-02-01,-0.8753511905670166
2025-02-02,-0.8254400491714478
2025-02-03,-0.7696586847305298
2025-02-04,-0.7148874402046204
2025-02-05,-0.6585899591445923
2025-02-06,-0.6056774854660034
2025-02-07,-0.5700412392616272
2025-02-08,-0.5583462715148926
2025-02-09,-0.5428137183189392
2025-02-10,-0.517221212387085
2025-02-11,-0.4765949845314026
2025-02-12,-0.42459625005722046
2025-02-13,-0.37946122884750366
2025-02-14,-0.3519112467765808
2025-02-15,-0.342214971780777
2025-02-16,-0.32552623748779297
2025-02-17,-0.3015500009059906
2025-02-18,-0.28091001510620117
2025-02-19,-0.28435376286506653
2025-02-20,-0.2855137288570404
2025-02-21,-0.24880248308181763
2025-02-22,-0.22021374106407166
2025-02-23,-0.2362237572669983
2025-02-24,-0.2687912583351135
2025-02-25,-0.2683750092983246
2025-02-26,-0.2526724934577942
2025-02-27,-0.18215499818325043
2025-02-28,-0.0766187533736229
2025-03-01,-0.020152496173977852
2025-03-02,-0.019887493923306465
2025-03-03,0.0024974974803626537
2025-03-04,0.010627486743032932
2025-03-05,0.026589997112751007
2025-03-06,0.07100875675678253
2025-03-07,0.10024000704288483
2025-03-08,0.1345524936914444
2025-03-09,0.20086748898029327
2025-03-10,0.27023500204086304
2025-03-11,0.3550962507724762
2025-03-12,0.3984399735927582
2025-03-13,0.3679962456226349
2025-03-14,0.2545674741268158
2025-03-15,0.15677125751972198
2025-03-16,0.07247499376535416
2025-03-17,0.012707504443824291
2025-03-18,0.007833770476281643
2025-03-19,0.022537490352988243
2025-03-20,0.0649149939417839
2025-03-21,0.1538962423801422
2025-03-22,0.22071874141693115
2025-03-23,0.26298248767852783
2025-03-24,0.29920122027397156
2025-03-25,0.32047373056411743
2025-03-26,0.2835112512111664
2025-03-27,0.2503087520599365
2025-03-28,0.1929899901151657
2025-03-29,0.11336373537778854
2025-03-30,0.05203624814748764
2025-03-31,0.004457519389688969
2025-04-01,-0.012811249122023582
2025-04-02,-0.05431624501943588
2025-04-03,-0.1015312522649765
2025-04-04,-0.1294649988412857
2025-04-05,-0.12558123469352722
2025-04-06,-0.10903998464345932
2025-04-07,-0.0651174932718277
2025-04-08,-0.0388374924659729
2025-04-09,-0.020229995250701904
2025-04-10,-0.017913756892085075
2025-04-11,-0.04061498865485191
2025-04-12,-0.04182375222444534
2025-04-13,-0.03379373997449875
2025-04-14,-0.0346900038421154
2025-04-15,-0.05204250290989876
2025-04-16,-0.04195749759674072
2025-04-17,-0.01129125989973545
2025-04-18,0.034819990396499634
2025-04-19,0.06333626061677933
2025-04-20,0.07765749841928482
2025-04-21,0.08730874210596085
2025-04-22,0.09109123051166534
2025-04-23,0.09555625915527344
2025-04-24,0.09374500066041946
2025-04-25,0.09667624533176422
2025-04-26,0.10371624678373337
2025-04-27,0.11184749007225037
2025-04-28,0.09895250201225281
2025-04-29,0.09330125153064728
2025-04-30,0.0938899964094162
2025-05-01,0.139662504196167
2025-05-02,0.1918874979019165
2025-05-03,0.24108624458312988
2025-05-04,0.26594874262809753
2025-05-05,0.2846525311470032
2025-05-06,0.28825125098228455
2025-05-07,0.26068249344825745
2025-05-08,0.21686124801635742
2025-05-09,0.17214499413967133
2025-05-10,0.12852999567985535
2025-05-11,0.08161000162363052
2025-05-12,0.04043249785900116
2025-05-13,0.0030562514439225197
2025-05-14,-0.030486252158880234
2025-05-15,-0.031209995970129967
2025-05-16,-0.022401252761483192
2025-05-17,-0.04486249387264252
2025-05-18,-0.05477625131607056
2025-05-19,-0.06610499322414398
2025-05-20,-0.05653499811887741
2025-05-21,-0.023438751697540283
2025-05-22,0.015203752554953098
2025-05-23,0.02841874770820141
2025-05-24,0.0313900001347065
2025-05-25,0.018417498096823692
2025-05-26,-0.002746246289461851
2025-05-27,-0.012316250242292881
2025-05-28,0.0024412537459284067
2025-05-29,0.05805249884724617
2025-05-30,0.11245124787092209
2025-05-31,0.15875375270843506
2025-06-01,0.21126998960971832
2025-06-02,0.22554124891757965
2025-06-03,0.21265123784542084
2025-06-04,0.16338874399662018
2025-06-05,0.09402123838663101
2025-06-06,0.05003499612212181
2025-06-07,0.03073124960064888
2025-06-08,0.04791500046849251
2025-06-09,0.07496749609708786
2025-06-10,0.14268499612808228
2025-06-11,0.21149499714374542
2025-06-12,0.24351999163627625
2025-06-13,0.2528987526893616
2025-06-14,0.24745126068592072
2025-06-15,0.22676748037338257
2025-06-16,0.19033874571323395
2025-06-17,0.16742375493049622
2025-06-18,0.17613498866558075
2025-06-19,0.2285199910402298
2025-06-20,0.3113524913787842
2025-06-21,0.33615997433662415
2025-06-22,0.32818499207496643
2025-06-23,0.29559874534606934
2025-06-24,0.25353124737739563
2025-06-25,0.21956124901771545
2025-06-26,0.20322248339653015
2025-06-27,0.1939762532711029
2025-06-28,0.19247999787330627
2025-06-29,0.20562249422073364
2025-06-30,0.23501498997211456
2025-07-01,0.28041496872901917
2025-07-02,0.32412248849868774
2025-07-03,0.32777875661849976
2025-07-04,0.3364087641239166
2025-07-05,0.35330623388290405
2025-07-06,0.3515637516975403
2025-07-07,0.3446287512779236
2025-07-08,0.32112249732017517
2025-07-09,0.3139462172985077
2025-07-10,0.30684247612953186
2025-07-11,0.27101999521255493
2025-07-12,0.1995925009250641
2025-07-13,0.1320125013589859
2025-07-14,0.09009374678134918
2025-07-15,0.05714624747633934
2025-07-16,0.037337496876716614
2025-07-17,0.05272874981164932
2025-07-18,0.07158749550580978
2025-07-19,0.05052874982357025
2025-07-20,0.019448749721050262
2025-07-21,-0.029638750478625298
2025-07-22,-0.07944749295711517
2025-07-23,-0.12394248694181442
2025-07-24,-0.17201998829841614
2025-07-25,-0.20486998558044434
2025-07-26,-0.21328626573085785
2025-07-27,-0.19720624387264252
2025-07-28,-0.1696537435054779
2025-07-29,-0.15984998643398285
2025-07-30,-0.1580362468957901
2025-07-31,-0.16452623903751373
2025-08-01,-0.20072124898433685
2025-08-02,-0.1956550031900406
2025-08-03,-0.20519374310970306
2025-08-04,-0.18022125959396362
2025-08-05,-0.14651624858379364
2025-08-06,-0.11128000169992447
2025-08-07,-0.0886087492108345
2025-08-08,-0.0907062515616417
2025-08-09,-0.11426124721765518
2025-08-10,-0.1554587334394455
2025-08-11,-0.19342249631881714
2025-08-12,-0.2080337554216385
2025-08-13,-0.20720498263835907
2025-08-14,-0.19551748037338257
2025-08-15,-0.19686248898506165
2025-08-16,-0.18965747952461243
2025-08-17,-0.20116999745368958
2025-08-18,-0.2045537382364273
2025-08-19,-0.22249248623847961
2025-08-20,-0.2417062520980835
2025-08-21,-0.27636873722076416
2025-08-22,-0.31551873683929443
2025-08-23,-0.34215375781059265
2025-08-24,-0.336861252784729
2025-08-25,-0.3070887327194214
2025-08-26,-0.300992488861084
2025-08-27,-0.2986312508583069
2025-08-28,-0.32014748454093933
2025-08-29,-0.3608900010585785
2025-08-30,-0.41770875453948975
2025-08-31,-0.4165149927139282
2025-09-01,-0.4015974700450897
2025-09-02,-0.37499499320983887
2025-09-03,-0.3296649754047394
2025-09-04,-0.2808237373828888
2025-09-05,-0.24392001330852509
2025-09-06,-0.23117125034332275
2025-09-07,-0.2411312609910965
2025-09-08,-0.27477124333381653
2025-09-09,-0.3140075206756592
2025-09-10,-0.35721248388290405
2025-09-11,-0.38812997937202454
2025-09-12,-0.44003498554229736
2025-09-13,-0.4560662806034088
2025-09-14,-0.4198462665081024
2025-09-15,-0.3685399889945984
2025-09-16,-0.31651872396469116
2025-09-17,-0.2925737202167511
2025-09-18,-0.29107123613357544
2025-09-19,-0.30499500036239624
2025-09-20,-0.3120025098323822
2025-09-21,-0.32315248250961304
2025-09-22,-0.3792312443256378
2025-09-23,-0.4550199508666992
2025-09-24,-0.5091387033462524
2025-09-25,-0.5247550010681152
2025-09-26,-0.5162287354469299
2025-09-27,-0.47687000036239624
2025-09-28,-0.4120999872684479
2025-09-29,-0.35592126846313477
2025-09-30,-0.33130621910095215
2025-10-01,-0.33838000893592834
2025-10-02,-0.33918124437332153
2025-10-03,-0.324453741312027
2025-10-04,-0.3209199905395508
2025-10-05,-0.3197987377643585
2025-10-06,-0.2908474802970886
2025-10-07,-0.24089373648166656
2025-10-08,-0.21536000072956085
2025-10-09,-0.2325412631034851
2025-10-10,-0.2696187496185303
2025-10-11,-0.308498740196228
2025-10-12,-0.35909751057624817
2025-10-13,-0.39408624172210693
2025-10-14,-0.3826799988746643
2025-10-15,-0.36417248845100403
2025-10-16,-0.35296499729156494
2025-10-17,-0.3469337224960327
2025-10-18,-0.3631874918937683
2025-10-19,-0.3829524517059326
2025-10-20,-0.39107874035835266
2025-10-21,-0.41637125611305237
2025-10-22,-0.44558247923851013
2025-10-23,-0.46748122572898865
2025-10-24,-0.47526875138282776
2025-10-25,-0.47979873418807983
2025-10-26,-0.47430500388145447
2025-10-27,-0.48158252239227295
2025-10-28,-0.47886499762535095
2025-10-29,-0.45885998010635376
2025-10-30,-0.4487137496471405
2025-10-31,-0.4551500082015991
2025-11-01,-0.429889976978302
2025-11-02,-0.3742237687110901
2025-11-03,-0.3404324948787689
2025-11-04,-0.3663962483406067
2025-11-05,-0.44259747862815857
2025-11-06,-0.5210999846458435
2025-11-07,-0.5823749899864197
2025-11-08,-0.5939199328422546
2025-11-09,-0.5819037556648254
2025-11-10,-0.5738012790679932
2025-11-11,-0.5720862150192261
2025-11-12,-0.5616562366485596
2025-11-13,-0.5407724380493164
2025-11-14,-0.5100337266921997
2025-11-15,-0.5203887224197388
2025-11-16,-0.534695029258728
2025-11-17,-0.5354887843132019
2025-11-18,-0.5297912359237671
2025-11-19,-0.5076924562454224
2025-11-20,-0.508484959602356
2025-11-21,-0.5373387336730957
2025-11-22,-0.5814799666404724
2025-11-23,-0.6134124994277954
2025-11-24,-0.591276228427887
2025-11-25,-0.5593512058258057
2025-11-26,-0.4981662333011627
2025-11-27,-0.4472487270832062
2025-11-28,-0.39676499366760254
2025-11-29,-0.3588950037956238
2025-11-30,-0.34038376808166504
2025-12-01,-0.3239475190639496
2025-12-02,-0.33498501777648926
2025-12-03,-0.3530287444591522
2025-12-04,-0.35327625274658203
2025-12-05,-0.3762662410736084
2025-12-06,-0.4079912304878235
2025-12-07,-0.47264376282691956
2025-12-08,-0.5256049633026123
2025-12-09,-0.5418987274169922
2025-12-10,-0.5445412397384644
2025-12-11,-0.5644400119781494
2025-12-12,-0.5903624892234802
2025-12-13,-0.6277512311935425
2025-12-14,-0.6552162766456604
2025-12-15,-0.6642674803733826
2025-12-16,-0.6358487606048584
2025-12-17,-0.5836162567138672
2025-12-18,-0.5604012608528137
2025-12-19,-0.5588088035583496
2025-12-20,-0.5612287521362305
2025-12-21,-0.583204984664917
2025-12-22,-0.6086012721061707
2025-12-23,-0.636275053024292
2025-12-24,-0.6651500463485718
2025-12-25,-0.6904761791229248
2025-12-26,-0.6969449520111084
2025-12-27,-0.6308149695396423
2025-12-28,-0.5893275141716003
2025-12-29,-0.5968837141990662
2025-12-30,-0.6040686964988708
2025-12-31,-0.6225999593734741
2026-01-01,-0.6327524781227112
2026-01-02,-0.642511248588562
2026-01-03,-0.6444900035858154
2026-01-04,-0.6704574823379517
2026-01-05,-0.7134425044059753
2026-01-06,-0.7393649816513062
2026-01-07,-0.7576337456703186
2026-01-08,-0.7581812739372253
2026-01-09,-0.7712574601173401
2026-01-10,-0.7564274668693542
2026-01-11,-0.7280062437057495
2026-01-12,-0.7105662226676941
2026-01-13,-0.6958649754524231
2026-01-14,-0.6819949746131897
2026-01-15,-0.6621237397193909
2026-01-16,-0.6158512234687805
2026-01-17,-0.5627912878990173
2026-01-18,-0.5338649749755859
2026-01-19,-0.5314837694168091
2026-01-20,-0.5317712426185608
2026-01-21,-0.5372962355613708
2026-01-22,-0.5315062403678894
2026-01-23,-0.5143536925315857
2026-01-24,-0.5041499733924866
2026-01-25,-0.5047037601470947
2026-01-26,-0.5125637054443359
2026-01-27,-0.5060824751853943
2026-01-28,-0.5506649613380432
2026-01-29,-0.616281270980835
2026-01-30,-0.6484950184822083
2026-01-31,-0.6364399790763855
2026-02-01,-0.6119537353515625
2026-02-02,-0.5733649730682373
2026-02-03,-0.5439774990081787
2026-02-04,-0.523821234703064
2026-02-05,-0.4898100197315216
2026-02-06,-0.46393492817878723
2026-02-07,-0.4267687499523163
2026-02-08,-0.3890737295150757
2026-02-09,-0.35105621814727783
2026-02-10,-0.3004712462425232
2026-02-11,-0.24140124022960663
2026-02-12,-0.18947000801563263
2026-02-13,-0.1627662479877472
2026-02-14,-0.17255748808383942
2026-02-15,-0.19314248859882355
2026-02-16,-0.1851624995470047
2026-02-17,-0.16392624378204346
2026-02-18,-0.12406124919652939
2026-02-19,-0.09262750297784805
2026-02-20,-0.0730924904346466
2026-02-21,-0.05699499696493149
2026-02-22,-0.053748734295368195
2026-02-23,-0.08546999096870422
2026-02-24,-0.14389748871326447
2026-02-25,-0.1516299843788147
2026-02-26,-0.1549837291240692
2026-02-27,-0.17593875527381897
2026-02-28,-0.1929749846458435
2026-03-01,-0.20247501134872437
2026-03-02,-0.19570499658584595
2026-03-03,-0.1895112246274948
2026-03-04,-0.18476875126361847
2026-03-05,-0.18193374574184418
2026-03-06,-0.1523449867963791
2026-03-07,-0.1212412491440773
2026-03-08,-0.09834375232458115
2026-03-09,-0.08288998901844025
2026-03-10,-0.07329124212265015
2026-03-11,-0.07128500193357468
2026-03-12,-0.08208124339580536
2026-03-13,-0.0961650013923645
2026-03-14,-0.08766749501228333
2026-03-15,-0.05274999514222145
2026-03-16,0.009766250848770142
2026-03-17,0.06805374473333359
2026-03-18,0.11496749520301819
2026-03-19,0.13774374127388
2026-03-20,0.13766123354434967
2026-03-21,0.13919000327587128
2026-03-22,0.1813737452030182
2026-03-23,0.24776625633239746
2026-03-24,0.28722497820854187
2026-03-25,0.2946487367153168
2026-03-26,0.25091123580932617
2026-03-27,0.19750374555587769
2026-03-28,0.1813662350177765
2026-03-29,0.17489749193191528
2026-03-30,0.17725875973701477
2026-03-31,0.17682375013828278
2026-04-01,0.17591123282909393
2026-04-02,0.18023748695850372
2026-04-03,0.1992437243461609
2026-04-04,0.22572623193264008
2026-04-05,0.262836217880249
2026-04-06,0.3016799986362457
2026-04-07,0.33240747451782227
2026-04-08,0.35000622272491455
2026-04-09,0.3124012351036072
2026-04-10,0.28358373045921326
2026-04-11,0.29546624422073364
2026-04-12,0.3930262327194214
2026-04-13,0.4791037440299988
2026-04-14,0.5443612337112427
2026-04-15,0.6028524041175842
2026-04-16,0.662111222743988
2026-04-17,0.7157312035560608
2026-04-18,0.7542786598205566
2026-04-19,0.8181299567222595
2026-04-20,0.879087507724762
2026-04-21,0.8971662521362305
2026-04-22,0.9108037352561951
2026-04-23,0.8948562741279602
2026-04-24,0.909494936466217
2026-04-25,0.9422461986541748
2026-04-26,0.9723224639892578
2026-04-27,0.971503734588623
2026-04-28,1.0045912265777588
2026-04-29,1.0629286766052246
2026-04-30,1.1136999130249023
2026-05-01,1.10158371925354
2026-05-02,1.049783706665039
2026-05-03,1.0259275436401367
2026-05-04,1.0410536527633667
2026-05-05,1.0303723812103271
2026-05-06,0.9777024984359741
2026-05-07,0.9458862543106079
2026-05-08,0.9317274689674377
2026-05-09,0.9544900059700012
2026-05-10,0.9950124621391296
2026-05-11,1.0153299570083618
2026-05-12,1.039929986000061
2026-05-13,1.0567599534988403
2026-05-14,1.062383770942688
2026-05-15,1.0791462659835815
2026-05-16,1.0881049633026123
2026-05-17,1.1280100345611572
2026-05-18,1.110161304473877
2026-05-19,1.0931999683380127
2026-05-20,1.0671037435531616
2026-05-21,1.0529499053955078
2026-05-22,1.0253938436508179
2026-05-23,1.0248149633407593
2026-05-24,1.0560212135314941
2026-05-25,1.0740699768066406
2026-05-26,1.0922149419784546
2026-05-27,1.0960136651992798
2026-05-28,1.122925043106079
2026-05-29,1.1512624025344849
2026-05-30,1.1700549125671387
2026-05-31,1.191980004310608
2026-06-01,1.2763049602508545
2026-06-02,1.3804186582565308
2026-06-03,1.483436107635498
2026-06-04,1.5935336351394653
2026-06-05,1.6577675342559814
2026-06-06,1.6870274543762207
2026-06-07,1.6812299489974976
2026-06-08,1.6440861225128174
2026-06-09,1.6351386308670044
2026-06-10,1.6634249687194824
2026-06-11,1.6878000497817993
2026-06-12,1.737048864364624
2026-06-13,1.7787036895751953
2026-06-14,1.8043512105941772
2026-06-15,1.8247324228286743
2026-06-16,1.8498910665512085
2026-06-17,1.8983612060546875
2026-06-18,1.925127387046814
2026-06-19,1.9627511501312256
2026-06-20,1.9597997665405273
2026-06-21,1.9471999406814575
2026-06-22,1.960493803024292
2026-06-23,1.9674111604690552
2026-06-24,1.9553048610687256
2026-06-25,1.9453325271606445
2026-06-26,1.9382712841033936
2026-06-27,1.945932388305664
2026-06-28,1.9462461471557617
2026-06-29,1.9422461986541748
2026-06-30,1.9425550699234009
2026-07-01,1.9258774518966675
2026-07-02,1.8832411766052246
2026-07-03,1.9088374376296997
2026-07-04,1.9490736722946167
2026-07-05,1.9922175407409668
2026-07-06,2.0645925998687744
2026-07-07,2.1177210807800293
2026-07-08,2.1432924270629883
2026-07-09,2.1630637645721436
2026-07-10,2.1868698596954346
2026-07-11,2.2020299434661865
2026-07-12,2.1979775428771973
2026-07-13,2.1905298233032227
2026-07-14,2.239096164703369
2026-07-15,2.2857162952423096
2026-07-16,2.321575164794922
2026-07-17,2.2908036708831787
2026-07-18,2.2976138591766357
2026-07-19,2.3059463500976562
2026-07-20,2.32253360748291
2026-07-21,2.34062123298645
2026-07-22,2.3493497371673584
2026-07-23,2.3714213371276855
2026-07-24,2.3973934650421143
2026-07-25,2.422339916229248
2026-07-26,2.432246446609497
2026-07-27,2.442014694213867
2026-07-28,2.4426186084747314
2026-07-29,2.4668424129486084
2026-07-30,2.501434803009033
2026-07-31,2.5690948963165283
2026-08-01,2.6127023696899414
2026-08-02,2.6414036750793457
2026-08-03,2.669503927230835
2026-08-04,2.677417516708374
2026-08-05,2.6360397338867188
2026-08-06,2.585935115814209
2026-08-07,2.5902035236358643
2026-08-08,2.632322311401367
2026-08-09,2.6786375045776367
2026-08-10,2.685483455657959
2026-08-11,2.649712324142456
2026-08-12,2.6536948680877686
2026-08-13,2.6810574531555176
2026-08-14,2.707247495651245
2026-08-15,2.710108757019043
2026-08-16,2.6972413063049316
2026-08-17,2.6619112491607666
2026-08-18,2.6360437870025635
2026-08-19,2.625770092010498
2026-08-20,2.615540027618408
2026-08-21,2.6442036628723145
2026-08-22,2.699826240539551
2026-08-23,2.6896049976348877
2026-08-24,2.6900899410247803
